﻿UrakoitsijaId;Eranro;UrakoitsijankohdeId;Kiinteistotunnus;Kiinteistonkatuosoite;Kiinteistonposti;kimppa;kimppaid;Haltijannimi;Haltijanyhteyshlo;Haltijankatuosoite;Haltijanposti;Haltijanmaakoodi;Haltijanulkomaanpaikkakunta;Pvmalk;Pvmasti;tyyppiIdEWC;tapahtumannimi;COUNT(kaynnit);SUM(astiamaara);koko;SUM(paino);tyhjennysvali;kertaaviikossa;Voimassaoloviikotalkaen;Voimassaoloviikotasti;Voimassapmvalkaen;Voimassapvmasti;Voimassaoloviikotalkaen2;Voimassaoloviikotasti2;tyhjennysvali2;kertaaviikossa2;PalveluKuuluukokimppaan;Kimpanjakoosuus;palveluKimppakohdeId;KimpanNimi;Kimpanyhteyshlo;Kimpankatuosoite;Kimpanposti;Kuntatun;Keskeytysalkaen;Keskeytysasti
1019097-9;2022Q3;00-0000006-00;102351079P;KOSKIHARJUNTIE 15;16800 HÄMEENKOSKI;;;MESIÄ TIMO;;KOSKIHARJUNTIE 15;16800 HÄMEENKOSKI;FI;;1.7.2022;30.9.2022;Sekajäte;JÄTEASTIAN TYHJENNYS 140 L;7;1;0,14;0;2;;1;53;21.12.2020;1.1.2099;;;;;;0;;;;;;98;;
1019097-9;2022Q3;00-0000204-00;100978141C;JÄNNEKUJA 1;15870 HOLLOLA;;;VALKONEN MERJA;;JÄNNEKUJA 1;15870 HOLLOLA;FI;;1.7.2022;30.9.2022;Sekajäte;JÄTEASTIAN TYHJENNYS 240 L;3;1;0,24;0;4;;1;53;17.8.2020;1.1.2099;;;;;;0;;;;;;98;;
1019097-9;2022Q3;00-0000231-00;100815335K;PYSÄKKITIE 292;16630 TENNILÄ;;;KILPIRINNE JYRKI;;PYSÄKKITIE 292;16630 TENNILÄ;FI;;1.7.2022;30.9.2022;Sekajäte;JÄTEASTIAN TYHJENNYS 240 L;1;1;0,24;0;8;;1;53;17.8.2020;1.1.2099;;;;;;0;;;;;;98;;
1019097-9;2022Q3;00-0000232-00;102409727K;KUKONKALLIONTIE 19;16800 HÄMEENKOSKI;;;KARPPINEN VELI;;KUKONKALLIONTIE 19;16800 HÄMEENKOSKI;FI;;1.7.2022;30.9.2022;Sekajäte;JÄTEASTIAN TYHJENNYS 140 L;3;1;0,14;0;4;;1;53;17.8.2020;1.1.2099;;;;;;0;;;;;;98;;
1019097-9;2022Q3;00-0000241-00;100997581F;KANTOLANTIE 334;16630 HOLLOLA;;;ALESTALO SEPPO;;KANTOLANTIE 334;16630 HOLLOLA;FI;;1.7.2022;30.9.2022;Sekajäte;JÄTEASTIAN TYHJENNYS 240 L;1;1;0,24;0;16;;1;53;17.8.2020;1.1.2099;;;;;;0;;;;;;98;;
1019097-9;2022Q3;00-0000248-00;1033491363;PAPUMÄENTIE 4;15880 HOLLOLA;;;RUUSUNEN ARTTU;;PAPUMÄENTIE 4;15880 HOLLOLA;FI;;1.7.2022;30.9.2022;Sekajäte;JÄTEASTIAN TYHJENNYS 240 L;4;1;0,24;0;4;;1;53;12.8.2020;1.1.2099;;;;;;0;;;;;;98;;
1019097-9;2022Q3;00-0000250-00;283-413-0001-0044;PELLAVAKUJA 6;16800 HÄMEENKOSKI;;;HAUKKAJÄRVI HANNU;;RAUTATIENKATU 3 B 37;15100 LAHTI;FI;;1.7.2022;30.9.2022;Sekajäte;JÄTEASTIAN TYHJENNYS 240 L;3;1;0,24;0;2;;17;43;12.8.2020;1.1.2099;;;;;;0;;;;;;98;;
1019097-9;2022Q3;00-0000253-00;101598697A;PÄTILÄNTIE 377;16800 HÄMEENKOSKI;;;KOKINMÄKI SAMI;;PÄTILÄNTIE 377;16800 HÄMEENKOSKI;FI;;1.7.2022;30.9.2022;Sekajäte;JÄTEASTIAN TYHJENNYS 240 L;3;1;0,24;0;4;;1;53;12.8.2020;1.1.2099;;;;;;0;;;;;;98;;
1019097-9;2022Q3;00-0000255-00;101570370J;KANGASTENMÄENTIE 187 D;16800 HÄMEENKOSKI;;;PALOMÄKI RAISA;;SAARNIKATU 6 D 32;15520 LAHTI;FI;;1.7.2022;30.9.2022;Sekajäte;JÄTEASTIAN TYHJENNYS 140 L;2;1;0,14;0;4;;1;53;23.6.2020;1.1.2099;;;;;;0;;;;;;98;;
1019097-9;2022Q3;00-0000255-00;101570370J;KANGASTENMÄENTIE 187 D;16800 HÄMEENKOSKI;;;PALOMÄKI RAISA;;SAARNIKATU 6 D 32;15520 LAHTI;FI;;1.7.2022;30.9.2022;Sekajäte;JÄTEASTIAN TYHJENNYS 140 L;1;1;0,14;0;4;;1;53;23.6.2020;31.12.2099;;;;;1;100;00-0000255-00;PALOMÄKI RAISA;;KANGASTENMÄENTIE 187 D;16800 HÄMEENKOSKI;98;;
1019097-9;2022Q3;00-0000255-01;101570372L;HANNUKSELANTIE 24;16800 HÄMEENKOSKI;;;PALOMÄKI RAISA;;SAARNIKATU 6 D 32;15520 LAHTI;FI;;1.7.2022;30.9.2022;Sekajäte;JÄTEASTIAN TYHJENNYS 140 L;1;1;0,14;0;4;;1;53;23.6.2020;31.12.2099;;;;;1;0;00-0000255-00;PALOMÄKI RAISA;;KANGASTENMÄENTIE 187 D;16800 HÄMEENKOSKI;98;;
1019097-9;2022Q3;00-0000255-02;101570370J;HANNUKSELANTIE;16800 HÄMEENKOSKI;;;PALOMÄKI RAISA;;SAARNIKATU 6 D 32;15520 LAHTI;FI;;1.7.2022;30.9.2022;Sekajäte;JÄTEASTIAN TYHJENNYS 140 L;1;1;0,14;0;4;;1;53;23.6.2020;31.12.2099;;;;;1;0;00-0000255-00;PALOMÄKI RAISA;;KANGASTENMÄENTIE 187 D;16800 HÄMEENKOSKI;98;;
1019097-9;2022Q3;00-0000256-00;101608073S;PÄTILÄNTIE 463;16800 HÄMEENKOSKI;;;UUSITALO TEEMU;;KAUPPALANTIE 28 A 7;00320 HELSINKI;FI;;1.7.2022;30.9.2022;Sekajäte;JÄTEASTIAN TYHJENNYS 240 L;3;1;0,24;0;4;;1;53;12.8.2020;1.1.2099;;;;;;0;;;;;;98;;
1019097-9;2022Q3;00-0000272-00;1001925037;VANHA TAMPEREENTIE 4;15880 HOLLOLA;;;KIINTEISTÖ OY HÄLVÄLÄNKULMA;RIITTA TURUNEN;VANHA TAMPEREENTIE 4;15880 HOLLOLA;FI;;1.7.2022;30.9.2022;Sekajäte;JÄTEASTIAN TYHJENNYS 240 L;7;1;0,24;0;2;;1;53;28.10.2020;1.1.2099;;;;;;0;;;;;;98;;
1019097-9;2022Q3;00-0000273-00;102360773D;KUNTOPOLKU 5;16800 HÄMEENKOSKI;;;KOSKENKORVA TAIJA;;KUNTOPOLKU 5;16800 HÄMEENKOSKI;FI;;1.7.2022;30.9.2022;Sekajäte;JÄTEASTIAN TYHJENNYS 240 L;2;1;0,24;0;8;;1;53;16.11.2020;1.1.2099;;;;;;0;;;;;;98;;
1019097-9;2022Q3;00-0000283-00;1031864527;RASTIPOLKU 13;15870 HOLLOLA;;;AUVINEN ESSI;;RASTIPOLKU 13;15870 HOLLOLA;FI;;1.7.2022;30.9.2022;Sekajäte;JÄTEASTIAN TYHJENNYS 240 L;4;1;0,24;0;4;;1;53;13.1.2021;1.1.2099;;;;;;0;;;;;;98;;
1019097-9;2022Q3;00-0000284-00;100929407A;VIISTOTIE 3;15880 HOLLOLA;;;HAKALA JUKKA;;VIISTOTIE 3;15880 HOLLOLA;FI;;1.7.2022;30.9.2022;Sekajäte;JÄTEASTIAN TYHJENNYS 240 L;3;1;0,24;0;4;;1;53;21.1.2021;1.1.2099;;;;;;0;;;;;;98;;
1019097-9;2022Q3;00-0000285-00;1009294058;VIISTOTIE 5;15880 HOLLOLA;;;KOTINURMI VESA;;VIISTOTIE 5;15880 HOLLOLA;FI;;1.7.2022;30.9.2022;Sekajäte;JÄTEASTIAN TYHJENNYS 240 L;3;1;0,24;0;4;;1;53;21.1.2021;1.1.2099;;;;;;0;;;;;;98;;
1019097-9;2022Q3;00-0000288-00;100909680Y;VESIPOJANTIE 31;15880 HOLLOLA;;;KINNARI ANTTI;;VESIPOJANTIE 31;15880 HOLLOLA;FI;;1.7.2022;30.9.2022;Sekajäte;JÄTEASTIAN TYHJENNYS 140 L;7;1;0,14;0;2;;1;53;17.2.2021;1.1.2099;;;;;;0;;;;;;98;;
1019097-9;2022Q3;00-0000289-00;1009096821;VESIPOJANTIE 33;15880 HOLLOLA;;;KINNARI-HEINO SAARA;;VESIPOJANTIE 33;15880 HOLLOLA;FI;;1.7.2022;30.9.2022;Sekajäte;JÄTEASTIAN TYHJENNYS 140 L;7;1;0,14;0;2;;1;53;17.2.2021;1.1.2099;;;;;;0;;;;;;98;;
1019097-9;2022Q3;00-0000293-00;102438786Y;HAVUTIE 1;16800 HÄMEENKOSKI;;;RANTAKARI KRISTIINA;;HAVUTIE 1;16800 HÄMEENKOSKI;FI;;1.7.2022;30.9.2022;Sekajäte;JÄTEASTIAN TYHJENNYS 240 L;4;1;0,24;0;4;;1;53;24.3.2021;1.1.2099;;;;;;0;;;;;;98;;
1019097-9;2022Q3;00-0000294-00;100126828N;MANSKIVENTIE 588;15880 HOLLOLA;;;LAITIO TOMMI;;MANSKIVENTIE 588;15880 HOLLOLA;FI;;1.7.2022;30.9.2022;Sekajäte;JÄTEASTIAN TYHJENNYS 240 L;3;1;0,24;0;4;;1;53;8.4.2021;1.1.2099;;;;;;0;;;;;;98;;
1019097-9;2022Q3;00-0000295-00;103325288T;SAVISTENPÄÄNTIE 84;16710 HOLLOLA KK;;;RYYNÄNEN TERTTU;;SAVISTENPÄÄNTIE 84;16710 HOLLOLA KK;FI;;1.7.2022;30.9.2022;Sekajäte;JÄTEASTIAN TYHJENNYS 240 L;2;1;0,24;0;8;;1;53;8.4.2021;1.1.2099;;;;;;0;;;;;;98;;
1019097-9;2022Q3;00-0000296-00;100221102S;RAHTARINTIE 13;15880 HOLLOLA;;;TUOMINEN LASSE;;RAHTARINTIE 13;15880 HOLLOLA;FI;;1.7.2022;30.9.2022;Sekajäte;JÄTEASTIAN TYHJENNYS 240 L;6;1;0,24;0;2;;1;53;15.4.2021;1.1.2099;;;;;;0;;;;;;98;;
1019097-9;2022Q3;00-0000304-00;100909666H;JAHTIVOUDINTIE 1;15880 HOLLOLA;;;SUMANEN JENNI;;JAHTIVOUDINTIE 1;15880 HOLLOLA;FI;;1.7.2022;30.9.2022;Sekajäte;JÄTEASTIAN TYHJENNYS 240 L;1;1;0,24;0;16;;1;53;28.6.2021;1.1.2099;;;;;;0;;;;;;98;;
1019097-9;2022Q3;00-0000312-00;103290992F;SÄRKÄNTIE 70;15880 HOLLOLA;;;VAUHKONEN RITVA;;SÄRKÄNTIE 70;15880 HOLLOLA;FI;;1.7.2022;30.9.2022;Sekajäte;JÄTEASTIAN TYHJENNYS 240 L;1;1;0,24;0;12;;1;53;11.8.2021;1.1.2099;;;;;;0;;;;;;98;;
1019097-9;2022Q3;00-0000317-00;101579975C;MIEHOLANTIE 1034;16670 LAPPILA;;;JÄRVELÄ JONNE;;MIEHOLANTIE 1034;16670 LAPPILA;FI;;1.7.2022;30.9.2022;Sekajäte;JÄTEASTIAN TYHJENNYS 240 L;4;1;0,24;0;4;;1;53;2.9.2021;1.1.2099;;;;;;0;;;;;;98;;
1019097-9;2022Q3;00-0000334-00;103316982V;SAVISTENPÄÄNTIE 49;16710 HOLLOLA KK;;;RAHKOLA SEPPO;;SAVISTENPÄÄNTIE 49;16710 HOLLOLA KK;FI;;1.7.2022;30.9.2022;Sekajäte;JÄTEASTIAN TYHJENNYS 240 L;2;1;0,24;0;8;;1;53;25.1.2022;1.1.2099;;;;;;0;;;;;;98;;
1019097-9;2022Q3;00-0000336-00;101598737L;KÄPIÖNTIE 221;16800 HÄMEENKOSKI;;;VECK JARKKO;;OIKOPOLKU 4 B 18;16600 JÄRVELÄ;FI;;1.7.2022;30.9.2022;Sekajäte;JÄTEASTIAN TYHJENNYS 240 L;3;1;0,24;0;4;;1;53;9.2.2022;1.1.2099;;;;;;0;;;;;;98;;
1019097-9;2022Q3;00-0000340-00;1016080855;PÄTILÄNTIE 462 B;16800 HÄMEENKOSKI;;;SOUBATCH ALEXEI;;KYLÄNEVANTIE 14 B 10;00320 HELSINKI;FI;;1.7.2022;30.9.2022;Sekajäte;JÄTEASTIAN TYHJENNYS 240 L;5;1;0,24;0;2;;1;53;17.3.2022;1.1.2099;;;;;;0;;;;;;98;;
1019097-9;2022Q3;00-0000341-00;1033490710;KAIVOPOLKU 28;15880 HOLLOLA;;;SILANDER RAIJA;;KAIVOPOLKU 28;15880 HOLLOLA;FI;;1.7.2022;30.9.2022;Sekajäte;JÄTEASTIAN TYHJENNYS 240 L;1;1;0,24;0;8;;1;53;21.3.2022;1.1.2099;;;;;;0;;;;;;98;;
1019097-9;2022Q3;00-0000344-00;1009387933;YLI-EEROLANTIE 16;15880 HOLLOLA;;;PARIKKA ESKO;;YLI-EEROLANTIE 16;15880 HOLLOLA;FI;;1.7.2022;30.9.2022;Sekajäte;JÄTEASTIAN TYHJENNYS 240 L;3;1;0,24;0;4;;1;53;23.3.2022;1.1.2099;;;;;;0;;;;;;98;;
1019097-9;2022Q3;00-0000346-00;100909702N;TURKUPIHA 4;15880 HOLLOLA;;;VIRTANEN MIKE;;TURKUPIHA 4;15880 HOLLOLA;FI;;1.7.2022;30.9.2022;Sekajäte;JÄTEASTIAN TYHJENNYS 240 L;1;1;0,24;0;12;;1;53;28.4.2022;1.1.2099;;;;;;0;;;;;;98;;
1019097-9;2022Q3;00-0000347-00;103262851P;KIRMOLANTIE 2;15680 HOLLOLA;;;LINDROOS RISTO;;KIRMOLANTIE 2;15680 HOLLOLA;FI;;1.7.2022;30.9.2022;Sekajäte;JÄTEASTIAN TYHJENNYS 240 L;7;1;0,24;0;2;;1;53;5.5.2022;1.1.2099;;;;;;0;;;;;;98;;
1019097-9;2022Q3;00-0000348-00;1015987257;KÄPIÖNTIE 285 A;16800 HÄMEENKOSKI;;;MURTONIEMI ANNE;;KÄPIÖNTIE 285 A;16800 HÄMEENKOSKI;FI;;1.7.2022;30.9.2022;Sekajäte;JÄTEASTIAN TYHJENNYS 240 L;1;1;0,24;0;16;;1;53;17.5.2022;1.1.2099;;;;;;0;;;;;;98;;
1019097-9;2022Q3;00-0000350-00;1016180321;KÄRPÄNTIE 60;16800 HÄMEENKOSKI;;;SANTALAHTI ERKKI;;SALPATIE 5 B 61;15880 HOLLOLA;FI;;1.7.2022;30.9.2022;Sekajäte;JÄTEASTIAN TYHJENNYS 240 L;1;1;0,24;0;16;;1;53;27.6.2022;1.1.2099;;;;;;0;;;;;;98;;
1019097-9;2022Q3;00-0000365-00;102380275H;LAMMINTIE 2;16800 HÄMEENKOSKI;;;HAKAMO ARTO;;HEDELMÄTARHANTIE 17 B 14;15860 HOLLOLA;FI;;1.7.2022;30.9.2022;Sekajäte;JÄTEASTIAN TYHJENNYS 240 L;1;1;0,24;0;8;;1;53;14.9.2022;1.1.2099;;;;;;0;;;;;;98;;
1019097-9;2022Q3;01-0000448-00;103128642C;SALILANTIE 7;16800 HÄMEENKOSKI;;;RANTANEN JUHANI;;SALILANTIE 7;16800 HÄMEENKOSKI;;;1.7.2022;30.9.2022;Sekajäte;JÄTEASTIAN TYHJENNYS 240 L;3;1;0,24;0;4;;1;53;17.8.2020;1.1.2099;;;;;;0;;;;;;98;;
1019097-9;2022Q3;01-0000551-00;101560641P;HIITIÖNTIE 58;16800 HÄMEENKOSKI;;;FORSSTRÖM PEKKA;;LINJATIE 6 A 3;16900 LAMMI;;;1.7.2022;30.9.2022;Sekajäte;JÄTEASTIAN TYHJENNYS 240 L;2;1;0,24;0;;;;;1.1.1900;1.1.2099;;;;;;0;;;;;;98;;
1019097-9;2022Q3;01-0000551-00;101560641P;HIITIÖNTIE 58;16800 HÄMEENKOSKI;;;FORSSTRÖM PEKKA;;LINJATIE 6 A 3;16900 LAMMI;;;1.7.2022;30.9.2022;Sekajäte;JÄTEASTIAN TYHJENNYS 600-660 L;1;1;0,66;0;2;;24;34;1.1.1900;1.1.2099;34;42;4;;;0;;;;;;98;;
1019097-9;2022Q3;01-0001120-00;1011175714;MYLLYMÄENTIE 151;16900 LAMMI;;;TOIVONEN MARLEENA;;MYLLYMÄENTIE 151;16900 LAMMI;;;1.7.2022;30.9.2022;Sekajäte;JÄTEASTIAN TYHJENNYS 360 L;6;1;0,36;0;2;;1;53;1.1.1900;1.1.2099;;;;;;0;;;;;;98;;
1019097-9;2022Q3;01-0001602-00;102380239B;MYLLYTIE 16;16800 HÄMEENKOSKI;;;HIETALA KIMMO;;MYLLYTIE 16;16800 HÄMEENKOSKI;;;1.7.2022;30.9.2022;Sekajäte;JÄTEASTIAN TYHJENNYS 240 L;2;1;0,24;0;8;;1;53;17.8.2020;1.1.2099;;;;;;0;;;;;;98;;
1019097-9;2022Q3;01-0002030-00;101618023R;RAPPUKALLIONTIE 16;16800 HÄMEENKOSKI;;;PIIKKILÄ ARTO;;RAPPUKALLIONTIE 16;16800 HÄMEENKOSKI;FI;;1.7.2022;30.9.2022;Sekajäte;JÄTEASTIAN TYHJENNYS 360 L;1;1;0,36;0;12;;1;53;17.8.2020;1.1.2099;;;;;;0;;;;;;98;;
1019097-9;2022Q3;01-0002035-00;1009781345;JÄNNEKUJA 4;15870 HOLLOLA;;;KAUPPI VILLE;;JÄNNEKUJA 4;15870 HOLLOLA;FI;;1.7.2022;30.9.2022;Sekajäte;JÄTEASTIAN TYHJENNYS 240 L;5;1;0,24;0;4;;1;53;17.8.2020;1.1.2099;;;;;;0;;;;;;98;;
1019097-9;2022Q3;01-0002100-00;100978114H;JAHTITIE 5;15870 HOLLOLA;;;MIELONEN EIJA;;JAHTITIE 5;15870 HOLLOLA;FI;;1.7.2022;30.9.2022;Sekajäte;JÄTEASTIAN TYHJENNYS 140 L;7;1;0,14;0;2;;1;53;17.8.2020;1.1.2099;;;;;;0;;;;;;98;;
1019097-9;2022Q3;01-0002103-00;1009781367;JÄNNEKUJA 2;15880 HOLLOLA;;;POUTANEN JONI;;JÄNNEKUJA 2;15880 HOLLOLA;FI;;1.7.2022;30.9.2022;Sekajäte;JÄTEASTIAN TYHJENNYS 240 L;2;1;0,24;0;8;;1;53;17.8.2020;1.1.2099;;;;;;0;;;;;;98;;
1019097-9;2022Q3;01-0002121-00;1016080811;PÄTILÄNTIE 468;16800 HÄMEENKOSKI;;;SALONEN MARKKU;;ETELÄINEN LIIPOLANKATU 10 C 43;15500 LAHTI;FI;;1.7.2022;30.9.2022;Sekajäte;JÄTEASTIAN TYHJENNYS 240 L;2;1;0,24;0;8;;1;53;17.8.2020;1.1.2099;;;;;;0;;;;;;98;;
1019097-9;2022Q3;01-0002122-00;102409668N;ASIKKALANTIE 260 B;16800 HÄMEENKOSKI;;;LAAKSONEN ERKKI;;RINNETIE 16;15880 HOLLOLA;FI;;1.7.2022;30.9.2022;Sekajäte;JÄTEASTIAN TYHJENNYS 240 L;1;1;0,24;0;12;;1;53;17.8.2020;1.1.2099;;;;;;0;;;;;;98;;
1019097-9;2022Q3;01-0002150-00;101570308J;PÄÄJÄRVENTIE 20;16800 HÄMEENKOSKI;;;YLÄ-ONNENVUORI ROI;;PÄÄJÄRVENTIE 20;16800 HÄMEENKOSKI;FI;;1.7.2022;30.9.2022;Sekajäte;JÄTEASTIAN TYHJENNYS 240 L;3;1;0,24;0;4;;1;53;27.7.2020;1.1.2099;;;;;;0;;;;;;98;;
1019097-9;2022Q3;01-0002184-00;1001268070;HATSINANTIE 609;15880 HOLLOLA;;;UOTILA JUHA;;HATSINANTIE 609;15880 HOLLOLA;FI;;1.7.2022;30.9.2022;Sekajäte;JÄTEASTIAN TYHJENNYS 240 L;3;1;0,24;0;4;;1;53;1.12.2020;1.1.2099;;;;;;0;;;;;;98;;
1019097-9;2022Q3;01-0002196-00;100117118E;HATSINANTIE 561;15880 HOLLOLA;;;NUMMELA KARI;;HATSINANTIE 561;15880 HOLLOLA;FI;;1.7.2022;30.9.2022;Sekajäte;JÄTEASTIAN TYHJENNYS 240 L;1;1;0,24;0;8;;1;53;7.4.2021;1.1.2099;;;;;;0;;;;;;98;;
1019097-9;2022Q3;01-0002203-00;103349128U;KAIVOMÄENKUJA 2;15880 HOLLOLA;;;KOIVIKKO MARKKU;;KAIVOMÄENKUJA 2;15880 HOLLOLA;FI;;1.7.2022;30.9.2022;Sekajäte;JÄTEASTIAN TYHJENNYS 240 L;3;1;0,24;0;4;;1;53;26.4.2021;1.1.2099;;;;;;0;;;;;;98;;
1019097-9;2022Q3;01-0002217-00;101589529K;PORVOLANTIE 733;16800 HÄMEENKOSKI;;;VALIMAA NINA;;URKURINTIE 14 B3;00680 HELSINKI;FI;;1.7.2022;30.9.2022;Sekajäte;JÄTEASTIAN TYHJENNYS 240 L;3;1;0,24;0;4;;1;53;5.6.2021;1.1.2099;;;;;;0;;;;;;98;;
1019097-9;2022Q3;01-0002222-00;101608001E;KÄPIÖNTIE 418;16800 HÄMEENKOSKI;;;KUUSNIEMI KAROLIINA;;KÄPIÖNTIE 418;16800 HÄMEENKOSKI;FI;;1.7.2022;30.9.2022;Sekajäte;JÄTEASTIAN TYHJENNYS 140 L;3;1;0,14;0;4;;1;53;21.7.2021;1.1.2099;;;;;;0;;;;;;98;;
1019097-9;2022Q3;01-0002244-00;1023901878;YLI-SUONTAUSTANTIE 6;16800 HÄMEENKOSKI;;;MARKO PASMA OY;;KIRKKOKATU 13 B 31;15110 LAHTI;FI;;1.7.2022;30.9.2022;Sekajäte;JÄTEASTIAN TYHJENNYS 240 L;2;1;0,24;0;4;;1;53;1.8.2022;1.1.2099;;;;;;0;;;;;;98;;
1019097-9;2022Q3;01-0002245-00;100308675P;KAIVOPOLKU 29;15880 HOLLOLA;;;WULF RABE;;KAIVOPOLKU 29;15880 HOLLOLA;FI;;1.7.2022;30.9.2022;Sekajäte;JÄTEASTIAN TYHJENNYS 240 L;1;1;0,24;0;8;;1;53;7.3.2022;1.1.2099;;;;;;0;;;;;;98;;
1019097-9;2022Q3;01-0002252-00;1009877157;VIHATUNTIE 139;15880 HOLLOLA;;;MÄKELÄ HANNU;;KASKELANTIE 19;15880 HOLLOLA;FI;;1.7.2022;30.9.2022;Sekajäte;JÄTEASTIAN TYHJENNYS 240 L;1;1;0,24;0;8;;1;53;11.5.2022;1.1.2099;;;;;;0;;;;;;98;;
1019097-9;2022Q3;01-0002259-00;101560569C;MOMMILANTIE  1859;12170 HIETOINEN;;;ROPA PIRJO;;KUOHUKUJA 7 A 9;01600 VANTAA;FI;;1.7.2022;30.9.2022;Sekajäte;JÄTEASTIAN TYHJENNYS 240 L;2;1;0,24;0;4;;1;53;26.6.2022;1.1.2099;;;;;;0;;;;;;98;;
1019097-9;2022Q3;01-0002272-00;1024097732;SAHATIE 2 B;16800 HÄMEENKOSKI;;;TUUKKALA KARI;;SAHATIE 2 B;16800 HÄMEENKOSKI;FI;;1.7.2022;30.9.2022;Sekajäte;JÄTEASTIAN TYHJENNYS 240 L;1;3;0,24;0;1;;1;53;22.8.2022;1.1.2099;;;;;;0;;;;;;98;;
1019097-9;2022Q3;01-0002272-00;1024097732;SAHATIE 2 B;16800 HÄMEENKOSKI;;;TUUKKALA KARI;;SAHATIE 2 B;16800 HÄMEENKOSKI;FI;;1.7.2022;30.9.2022;Sekajäte;JÄTEASTIAN TYHJENNYS 600-660 L;1;1;0,66;0;;;;;1.1.1900;1.1.2099;;;;;;0;;;;;;98;;
1019097-9;2022Q3;11-0000006-00;102360720P;PEURANPOLKU 1;16800 HÄMEENKOSKI;;;KORHONEN AULI;;SEUTULANTIE 9 A 6;04410 JÄRVENPÄÄ;FI;;1.7.2022;30.9.2022;Sekajäte;JÄTEASTIAN TYHJENNYS 140 L;3;1;0,14;0;4;;1;53;17.8.2020;1.1.2099;;;;;;0;;;;;;98;;
1019097-9;2022Q3;11-0000031-00;103552832X;ASIKKALANTIE 36;16800 HÄMEENKOSKI;;;LAAKSO ERJA;;PIISPANTILANTIE 1 B 7;02240 ESPOO;FI;;1.7.2022;30.9.2022;Sekajäte;JÄTEASTIAN TYHJENNYS 140 L;2;1;0,14;0;6;;1;53;17.8.2020;1.1.2099;;;;;;0;;;;;;98;;
1019097-9;2022Q3;11-0000128-00;102419529S;PELTOLANTIE 4;16800 HÄMEENKOSKI;;;AS OY HÄMEEN KOSKIRIVI 1;C/O SP-ISÄNNÖINTIPALVELUT OY;HALLITUSKATU 22;13100 HÄMEENLINNA;;;1.7.2022;30.9.2022;Biojäte;BIOJÄTE;6;1;0,24;0;1;;1;53;13.7.2022;1.1.2099;;;;;;0;;;;;;98;;
1019097-9;2022Q3;11-0000128-00;102419529S;PELTOLANTIE 4;16800 HÄMEENKOSKI;;;AS OY HÄMEEN KOSKIRIVI 1;C/O SP-ISÄNNÖINTIPALVELUT OY;HALLITUSKATU 22;13100 HÄMEENLINNA;;;1.7.2022;30.9.2022;Sekajäte;JÄTEASTIAN TYHJENNYS 600-660 L;13;1;0,66;0;1;;1;53;17.8.2020;1.1.2099;;;;;;0;;;;;;98;;
1019097-9;2022Q3;11-0000130-00;102400171A;MAITOKARTANONTIE 11;16800 HÄMEENKOSKI;;;KIINTEISTÖ OY KOSKEN ILOLA;HIIDENHEIMO MATTI;MAITOKARTANONTIE 35;16800 HÄMEENKOSKI;;;1.7.2022;30.9.2022;Biojäte;BIOJÄTE;6;1;0,24;0;2;;1;53;13.7.2022;1.1.2099;;;;;;0;;;;;;98;;
1019097-9;2022Q3;11-0000130-00;102400171A;MAITOKARTANONTIE 11;16800 HÄMEENKOSKI;;;KIINTEISTÖ OY KOSKEN ILOLA;HIIDENHEIMO MATTI;MAITOKARTANONTIE 35;16800 HÄMEENKOSKI;;;1.7.2022;30.9.2022;Sekajäte;JÄTEASTIAN TYHJENNYS 600-660 L;7;1;0,66;0;2;;1;53;17.8.2020;1.1.2099;;;;;;0;;;;;;98;;
1019097-9;2022Q3;11-0000145-00;1024195415;KOIVUKUJA 11-13 / KP 834;16800 HÄMEENKOSKI;;;KAS KODIT OY;;PL 714;00026 BASWARE;;;1.7.2022;30.9.2022;Biojäte;BIOJÄTE;6;1;0,24;0;2;;1;53;13.7.2022;1.1.2099;;;;;;0;;;;;;98;;
1019097-9;2022Q3;11-0000145-00;1024195415;KOIVUKUJA 11-13 / KP 834;16800 HÄMEENKOSKI;;;KAS KODIT OY;;PL 714;00026 BASWARE;;;1.7.2022;30.9.2022;Sekajäte;JÄTEASTIAN TYHJENNYS 600-660 L;13;1;0,66;0;1;;1;53;17.8.2020;1.1.2099;;;;;;0;;;;;;98;;
1019097-9;2022Q3;11-0000158-00;102419526N;KOIVUKUJA 6-8;16800 HÄMEENKOSKI;;;AS OY KOSKEN KOIVUKUJA;C/O SP-ISÄNNÖINTIPALVELUT OY;HALLITUSKATU 22;13100 HÄMEENLINNA;;;1.7.2022;30.9.2022;Biojäte;BIOJÄTE;6;1;0,24;0;2;;1;53;13.7.2022;1.1.2099;;;;;;0;;;;;;98;;
1019097-9;2022Q3;11-0000158-00;102419526N;KOIVUKUJA 6-8;16800 HÄMEENKOSKI;;;AS OY KOSKEN KOIVUKUJA;C/O SP-ISÄNNÖINTIPALVELUT OY;HALLITUSKATU 22;13100 HÄMEENLINNA;;;1.7.2022;30.9.2022;Sekajäte;JÄTEASTIAN TYHJENNYS 240 L;13;1;0,24;0;1;;1;53;17.8.2020;1.1.2099;;;;;;0;;;;;;98;;
1019097-9;2022Q3;11-0000162-00;1024195437;KOIVUKUJA 15-17 / KP 833;16800 HÄMEENKOSKI;;;KAS KODIT OY;;PL 714;00026 BASWARE;;;1.7.2022;30.9.2022;Biojäte;BIOJÄTE;6;1;0,24;0;2;;1;53;13.7.2022;1.1.2099;;;;;;0;;;;;;98;;
1019097-9;2022Q3;11-0000162-00;1024195437;KOIVUKUJA 15-17 / KP 833;16800 HÄMEENKOSKI;;;KAS KODIT OY;;PL 714;00026 BASWARE;;;1.7.2022;30.9.2022;Sekajäte;JÄTEASTIAN TYHJENNYS 600-660 L;13;1;0,66;0;1;;1;53;17.8.2020;1.1.2099;;;;;;0;;;;;;98;;
1019097-9;2022Q3;11-0000163-00;1024387294;AJOMÄENTIE 1;16800 HÄMEENKOSKI;;;AS OY KOSKENHELMI;C/O SP-ISÄNNÖINTIPALVELUT OY;HALLITUSKATU 22;13100 HÄMEENLINNA;;;1.7.2022;30.9.2022;Biojäte;BIOJÄTE;6;1;0,24;0;2;;1;53;13.7.2022;1.1.2099;;;;;;0;;;;;;98;;
1019097-9;2022Q3;11-0000163-00;1024387294;AJOMÄENTIE 1;16800 HÄMEENKOSKI;;;AS OY KOSKENHELMI;C/O SP-ISÄNNÖINTIPALVELUT OY;HALLITUSKATU 22;13100 HÄMEENLINNA;;;1.7.2022;30.9.2022;Sekajäte;JÄTEASTIAN TYHJENNYS 600-660 L;13;1;0,66;0;1;;1;53;17.8.2020;1.1.2099;;;;;;0;;;;;;98;;
1019097-9;2022Q3;11-0000165-00;102360751P;ORTTENTIE 4;16800 HÄMEENKOSKI;;;AS OY KOSKEN MANSIKKA;REIM GROUP OY LTD;ALEKSANTERINKATU 7;15110 LAHTI;;;1.7.2022;30.9.2022;Biojäte;BIOJÄTE;6;1;0,24;0;2;;1;53;13.7.2022;1.1.2099;;;;;;0;;;;;;98;;
1019097-9;2022Q3;11-0000165-00;102360751P;ORTTENTIE 4;16800 HÄMEENKOSKI;;;AS OY KOSKEN MANSIKKA;REIM GROUP OY LTD;ALEKSANTERINKATU 7;15110 LAHTI;;;1.7.2022;30.9.2022;Sekajäte;JÄTEASTIAN TYHJENNYS 600-660 L;6;1;0,66;0;2;;1;53;17.8.2020;1.1.2099;;;;;;0;;;;;;98;;
1019097-9;2022Q3;11-0000167-00;102419530T;PELTOLANTIE 3;16800 HÄMEENKOSKI;;;AS OY KOSKEN PELTOLA;C/O SP-ISÄNNÖINTIPALVELUT;HALLITUSKATU 22;13100 HÄMEENLINNA;;;1.7.2022;30.9.2022;Biojäte;BIOJÄTE;6;1;0,24;0;2;;1;53;13.7.2022;1.1.2099;;;;;;0;;;;;;98;;
1019097-9;2022Q3;11-0000167-00;102419530T;PELTOLANTIE 3;16800 HÄMEENKOSKI;;;AS OY KOSKEN PELTOLA;C/O SP-ISÄNNÖINTIPALVELUT;HALLITUSKATU 22;13100 HÄMEENLINNA;;;1.7.2022;30.9.2022;Sekajäte;JÄTEASTIAN TYHJENNYS 240 L;6;1;0,24;0;2;;1;53;17.8.2020;1.1.2099;;;;;;0;;;;;;98;;
1019097-9;2022Q3;11-0000168-00;1024195670;ASIKKALANTIE 2;16800 HÄMEENKOSKI;;;KIINTEISTÖ OY KOSKENRAITTI;OSTOLASKUT;PL 2;26101 RAUMA;;;1.7.2022;30.9.2022;Biojäte;BIOJÄTE;6;1;0,24;0;2;;1;53;13.7.2022;1.1.2099;;;;;;0;;;;;;98;;
1019097-9;2022Q3;11-0000168-00;1024195670;ASIKKALANTIE 2;16800 HÄMEENKOSKI;;;KIINTEISTÖ OY KOSKENRAITTI;OSTOLASKUT;PL 2;26101 RAUMA;;;1.7.2022;30.9.2022;Sekajäte;JÄTEASTIAN TYHJENNYS 600-660 L;13;2;0,66;0;1;;1;53;17.8.2020;1.1.2099;;;;;;0;;;;;;98;;
1019097-9;2022Q3;11-0000169-00;102419528R;KOIVUKUJA 10;16800 HÄMEENKOSKI;;;AS OY KOSKENRIVI HL;C/O SP-ISÄNNÖINTIPALVELUT OY;HALLITUSKATU 22;13100 HÄMEENLINNA;;;1.7.2022;30.9.2022;Biojäte;BIOJÄTE;6;1;0,24;0;2;;1;53;13.7.2022;1.1.2099;;;;;;0;;;;;;98;;
1019097-9;2022Q3;11-0000169-00;102419528R;KOIVUKUJA 10;16800 HÄMEENKOSKI;;;AS OY KOSKENRIVI HL;C/O SP-ISÄNNÖINTIPALVELUT OY;HALLITUSKATU 22;13100 HÄMEENLINNA;;;1.7.2022;30.9.2022;Sekajäte;JÄTEASTIAN TYHJENNYS 600-660 L;6;1;0,66;0;2;;1;53;17.8.2020;1.1.2099;;;;;;0;;;;;;98;;
1019097-9;2022Q3;11-0000170-00;102419558P;TAIMISTONTIE 3 / KP 831;16800 HÄMEENKOSKI;;;KAS KODIT OY;;PL 714;00026 BASWARE;;;1.7.2022;30.9.2022;Biojäte;BIOJÄTE;5;1;0,24;0;2;;1;53;13.7.2022;1.1.2099;;;;;;0;;;;;;98;;
1019097-9;2022Q3;11-0000170-00;102419558P;TAIMISTONTIE 3 / KP 831;16800 HÄMEENKOSKI;;;KAS KODIT OY;;PL 714;00026 BASWARE;;;1.7.2022;30.9.2022;Sekajäte;JÄTEASTIAN TYHJENNYS 600-660 L;13;1;0,66;0;1;;1;53;17.8.2020;1.1.2099;;;;;;0;;;;;;98;;
1019097-9;2022Q3;11-0000194-00;1024387604;KAITURINTIE 3;16800 HÄMEENKOSKI;;;AS OY MARKKINALAANI;C/O SP-ISÄNNÖINTIPALVELUT;HALLITUSKATU 22;13100 HÄMEENLINNA;;;1.7.2022;30.9.2022;Biojäte;BIOJÄTE;6;1;0,24;0;2;;1;53;13.7.2022;1.1.2099;;;;;;0;;;;;;98;;
1019097-9;2022Q3;11-0000194-00;1024387604;KAITURINTIE 3;16800 HÄMEENKOSKI;;;AS OY MARKKINALAANI;C/O SP-ISÄNNÖINTIPALVELUT;HALLITUSKATU 22;13100 HÄMEENLINNA;;;1.7.2022;30.9.2022;Sekajäte;JÄTEASTIAN TYHJENNYS 600-660 L;6;1;0,66;0;2;;1;53;17.8.2020;1.1.2099;;;;;;0;;;;;;98;;
1019097-9;2022Q3;11-0000198-00;102360758X;MEIJERIPOLKU 2;16800 HÄMEENKOSKI;;;AS OY MEIJERIKALLIO;C/O SP-ISÄNNÖINTIPALVELUT OY;HALLITUSKATU 22;13100 HÄMEENLINNA;;;1.7.2022;30.9.2022;Biojäte;BIOJÄTE;6;1;0,24;0;2;;1;53;13.7.2022;1.1.2099;;;;;;0;;;;;;98;;
1019097-9;2022Q3;11-0000198-00;102360758X;MEIJERIPOLKU 2;16800 HÄMEENKOSKI;;;AS OY MEIJERIKALLIO;C/O SP-ISÄNNÖINTIPALVELUT OY;HALLITUSKATU 22;13100 HÄMEENLINNA;;;1.7.2022;30.9.2022;Sekajäte;JÄTEASTIAN TYHJENNYS 600-660 L;6;1;0,66;0;2;;1;53;17.8.2020;1.1.2099;;;;;;0;;;;;;98;;
1019097-9;2022Q3;11-0000207-01;101608102P;RAPPUKALLIONTIE 15;16800 HÄMEENKOSKI;;;MÄKINEN PETRI;;JUHANNUSTIE 25 D 18;00750 HELSINKI;FI;;1.7.2022;30.9.2022;Sekajäte;JÄTEASTIAN TYHJENNYS 600-660 L;1;2;0,66;0;12;;1;53;17.8.2020;31.12.2099;;;;;1;16,667;11-0000207-00;PORTINKALLION MÖKIT;;RAPPUKALLIONTIE/TOIJALANTIE;16800 HÄMEENKOSKI;98;;
1019097-9;2022Q3;11-0000207-02;1016081165;RAPPUKALLIONTIE 10;16800 HÄMEENKOSKI;;;HÄNNINEN TAPIO;;VAAHTERAKATU 1-3 A 14;15520 LAHTI;FI;;1.7.2022;30.9.2022;Sekajäte;JÄTEASTIAN TYHJENNYS 600-660 L;1;2;0,66;0;12;;1;53;17.8.2020;31.12.2099;;;;;1;16,667;11-0000207-00;PORTINKALLION MÖKIT;;RAPPUKALLIONTIE/TOIJALANTIE;16800 HÄMEENKOSKI;98;;
1019097-9;2022Q3;11-0000207-03;101608099L;RAPPUKALLIONTIE 20;16800 HÄMEENKOSKI;;;KANTOLA ESA;;VESIJÄRVENKATU 57 A 24;15140 LAHTI;FI;;1.7.2022;30.9.2022;Sekajäte;JÄTEASTIAN TYHJENNYS 600-660 L;1;2;0,66;0;12;;1;53;17.8.2020;31.12.2099;;;;;1;16,667;11-0000207-00;PORTINKALLION MÖKIT;;RAPPUKALLIONTIE/TOIJALANTIE;16800 HÄMEENKOSKI;98;;
1019097-9;2022Q3;11-0000207-04;1016180033;RAPPUKALLIONTIE 21;16800 HÄMEENKOSKI;;;VUORELA AKI;;MYLLYMATKANTIE 2 B 45;00920 HELSINKI;FI;;1.7.2022;30.9.2022;Sekajäte;JÄTEASTIAN TYHJENNYS 600-660 L;1;2;0,66;0;12;;1;53;17.8.2020;31.12.2099;;;;;1;16,667;11-0000207-00;PORTINKALLION MÖKIT;;RAPPUKALLIONTIE/TOIJALANTIE;16800 HÄMEENKOSKI;98;;
1019097-9;2022Q3;11-0000207-05;1016180022;RAPPUKALLIONTIE 27;16800 HÄMEENKOSKI;;;TUULOS OTSO;;NIERIÄISENTIE 8 A;01480 VANTAA;FI;;1.7.2022;30.9.2022;Sekajäte;JÄTEASTIAN TYHJENNYS 600-660 L;1;2;0,66;0;12;;1;53;17.8.2020;31.12.2099;;;;;1;16,667;11-0000207-00;PORTINKALLION MÖKIT;;RAPPUKALLIONTIE/TOIJALANTIE;16800 HÄMEENKOSKI;98;;
1019097-9;2022Q3;11-0000207-06;101618013D;RAPPUKALLIONTIE 28;16800 HÄMEENKOSKI;;;PAJUNEN HANNU KP;C/O PÄIVI PAJUNEN;RISUPADONTIE 5 D 89;00640 HELSINKI;FI;;1.7.2022;30.9.2022;Sekajäte;JÄTEASTIAN TYHJENNYS 600-660 L;1;2;0,66;0;12;;1;53;17.8.2020;31.12.2099;;;;;1;16,667;11-0000207-00;PORTINKALLION MÖKIT;;RAPPUKALLIONTIE/TOIJALANTIE;16800 HÄMEENKOSKI;98;;
1019097-9;2022Q3;11-0000238-00;1016079892;TOIJALANTIE 658;16800 HÄMEENKOSKI;;;HELQVIST TIM;;TOIJALANTIE 658;16800 HÄMEENKOSKI;;;1.7.2022;30.9.2022;Sekajäte;JÄTEASTIAN TYHJENNYS 240 L;7;1;0,24;0;2;;1;53;17.8.2020;1.1.2099;;;;;;0;;;;;;98;;
1019097-9;2022Q3;11-0000246-00;1021024392;PÄTILÄNTIE 11;16800 HÄMEENKOSKI;;;HEMGÅRD HELI;;JOKIPUISTONKAARI 4 D 25;04130 SIPOO;FI;;1.7.2022;30.9.2022;Sekajäte;JÄTEASTIAN TYHJENNYS 140 L;3;1;0,14;0;4;;1;53;17.8.2020;1.1.2099;;;;;;0;;;;;;98;;
1019097-9;2022Q3;11-0000280-00;1024387881;KAITURINTIE 11;16800 HÄMEENKOSKI;;;VIHERSAARI TAPIO;;KAITURINTIE 11;16800 HÄMEENKOSKI;FI;;1.7.2022;30.9.2022;Sekajäte;JÄTEASTIAN TYHJENNYS 240 L;3;1;0,24;0;4;;1;53;17.8.2020;1.1.2099;;;;;;0;;;;;;98;;
1019097-9;2022Q3;11-0000289-00;102409737W;PÄIVÄRINTEENTIE 7-9;16800 HÄMEENKOSKI;;;AS OY VALKINPUISTO;C/O SP-ISÄNNÖINTIPALVELUT OY;HALLITUSKATU 22;13100 HÄMEENLINNA;;;1.7.2022;30.9.2022;Biojäte;BIOJÄTE;6;1;0,24;0;2;;1;53;13.7.2022;1.1.2099;;;;;;0;;;;;;98;;
1019097-9;2022Q3;11-0000289-00;102409737W;PÄIVÄRINTEENTIE 7-9;16800 HÄMEENKOSKI;;;AS OY VALKINPUISTO;C/O SP-ISÄNNÖINTIPALVELUT OY;HALLITUSKATU 22;13100 HÄMEENLINNA;;;1.7.2022;30.9.2022;Sekajäte;JÄTEASTIAN TYHJENNYS 600-660 L;13;1;0,66;0;1;;1;53;17.8.2020;1.1.2099;;;;;;0;;;;;;98;;
1019097-9;2022Q3;11-0000292-00;102438749S;AJOMÄENTIE 4;16800 HÄMEENKOSKI;;;AS OY VARVILANRANTA;C/O WANAJAN ISÄNNÖINTI OY;HÄMEENTIE 4;13200 HÄMEENLINNA;;;1.7.2022;30.9.2022;Biojäte;BIOJÄTE;6;1;0,24;0;2;;1;53;13.7.2022;1.1.2099;;;;;;0;;;;;;98;;
1019097-9;2022Q3;11-0000292-00;102438749S;AJOMÄENTIE 4;16800 HÄMEENKOSKI;;;AS OY VARVILANRANTA;C/O WANAJAN ISÄNNÖINTI OY;HÄMEENTIE 4;13200 HÄMEENLINNA;;;1.7.2022;30.9.2022;Sekajäte;JÄTEASTIAN TYHJENNYS 600-660 L;13;1;0,66;0;1;;1;53;17.8.2020;1.1.2099;;;;;;0;;;;;;98;;
1019097-9;2022Q3;11-0000303-00;102360750N;ORTTENTIE 1 / KP 832;16800 HÄMEENKOSKI;;;KAS KODIT OY;;PL 714;00026 BASWARE;;;1.7.2022;30.9.2022;Biojäte;BIOJÄTE;6;1;0,24;0;2;;1;53;13.7.2022;1.1.2099;;;;;;0;;;;;;98;;
1019097-9;2022Q3;11-0000303-00;102360750N;ORTTENTIE 1 / KP 832;16800 HÄMEENKOSKI;;;KAS KODIT OY;;PL 714;00026 BASWARE;;;1.7.2022;30.9.2022;Sekajäte;JÄTEASTIAN TYHJENNYS 600-660 L;13;1;0,66;0;1;;1;53;17.8.2020;1.1.2099;;;;;;0;;;;;;98;;
1019097-9;2022Q3;11-0000347-00;102360787V;KESKUSTIE 39;16800 HÄMEENKOSKI;;;AS OY HÄMEENKOSKEN MYLLYRANTA;C/O LAMMIN KIINTEISTÖKESKUS;MOMMILANTIE 6;16900 LAMMI;;;1.7.2022;30.9.2022;Biojäte;BIOJÄTE;6;1;0,24;0;2;;1;53;13.7.2022;1.1.2099;;;;;;0;;;;;;98;;
1019097-9;2022Q3;11-0000347-00;102360787V;KESKUSTIE 39;16800 HÄMEENKOSKI;;;AS OY HÄMEENKOSKEN MYLLYRANTA;C/O LAMMIN KIINTEISTÖKESKUS;MOMMILANTIE 6;16900 LAMMI;;;1.7.2022;30.9.2022;Sekajäte;JÄTEASTIAN TYHJENNYS 240 L;13;1;0,24;0;1;;1;53;17.8.2020;1.1.2099;;;;;;0;;;;;;98;;
1019097-9;2022Q3;11-0000368-00;1023510348;JÄRVI-KUKKOLANKUJA 1;16800 HÄMEENKOSKI;;;SUOMI TAPANI;;JÄRVI-KUKKOLANKUJA 1;16800 HÄMEENKOSKI;;;1.7.2022;30.9.2022;Sekajäte;JÄTEASTIAN TYHJENNYS 240 L;3;1;0,24;0;4;;1;53;17.8.2020;1.1.2099;;;;;;0;;;;;;98;;
1019097-9;2022Q3;11-0000451-00;102438744L;AJOMÄENTIE 3;16800 HÄMEENKOSKI;;;AS OY AJOHARJU;C/O SP-ISÄNNÖINTIPALVELUT OY;HALLITUSKATU 22;13100 HÄMEENLINNA;;;1.7.2022;30.9.2022;Biojäte;BIOJÄTE;6;1;0,24;0;1;;1;53;13.7.2022;1.1.2099;;;;;;0;;;;;;98;;
1019097-9;2022Q3;11-0000451-00;102438744L;AJOMÄENTIE 3;16800 HÄMEENKOSKI;;;AS OY AJOHARJU;C/O SP-ISÄNNÖINTIPALVELUT OY;HALLITUSKATU 22;13100 HÄMEENLINNA;;;1.7.2022;30.9.2022;Sekajäte;JÄTEASTIAN TYHJENNYS 360 L;6;1;0,36;0;;;;;1.1.1900;1.1.2099;;;;;;0;;;;;;98;;
1019097-9;2022Q3;11-0000451-00;102438744L;AJOMÄENTIE 3;16800 HÄMEENKOSKI;;;AS OY AJOHARJU;C/O SP-ISÄNNÖINTIPALVELUT OY;HALLITUSKATU 22;13100 HÄMEENLINNA;;;1.7.2022;30.9.2022;Sekajäte;JÄTEASTIAN TYHJENNYS 360 L;1;1;0,36;0;1;;1;53;17.8.2020;1.1.2099;;;;;;0;;;;;;98;;
1019097-9;2022Q3;11-0000451-00;102438744L;AJOMÄENTIE 3;16800 HÄMEENKOSKI;;;AS OY AJOHARJU;C/O SP-ISÄNNÖINTIPALVELUT OY;HALLITUSKATU 22;13100 HÄMEENLINNA;;;1.7.2022;30.9.2022;Sekajäte;JÄTEASTIAN TYHJENNYS 600-660 L;5;1;0,66;0;1;;1;53;17.8.2020;1.1.2099;;;;;;0;;;;;;98;;
1019097-9;2022Q3;11-0000477-00;102438752V;AJOMÄENTIE 2;16800 HÄMEENKOSKI;;;AS OY VARVILANPELTO;C/O SP-ISÄNNÖINTIPLAVELUT OY;HALLITUSKATU 22;13100 HÄMEENLINNA;;;1.7.2022;30.9.2022;Biojäte;BIOJÄTE;6;1;0,24;0;2;;1;53;13.7.2022;1.1.2099;;;;;;0;;;;;;98;;
1019097-9;2022Q3;11-0000477-00;102438752V;AJOMÄENTIE 2;16800 HÄMEENKOSKI;;;AS OY VARVILANPELTO;C/O SP-ISÄNNÖINTIPLAVELUT OY;HALLITUSKATU 22;13100 HÄMEENLINNA;;;1.7.2022;30.9.2022;Sekajäte;JÄTEASTIAN TYHJENNYS 600-660 L;13;1;0,66;0;1;;1;53;17.8.2020;1.1.2099;;;;;;0;;;;;;98;;
1019097-9;2022Q3;11-0000514-00;102360774E;VISAPOLKU 1;16800 HÄMEENKOSKI;;;ISÄNNÖINTI ILONEN;LIISA ILONEN / TEIVONEN;HAUHONTIE 206;14700 HAUHO;;;1.7.2022;30.9.2022;Biojäte;BIOJÄTE;6;1;0,24;0;2;;1;53;13.7.2022;1.1.2099;;;;;;0;;;;;;98;;
1019097-9;2022Q3;11-0000514-00;102360774E;VISAPOLKU 1;16800 HÄMEENKOSKI;;;ISÄNNÖINTI ILONEN;LIISA ILONEN / TEIVONEN;HAUHONTIE 206;14700 HAUHO;;;1.7.2022;30.9.2022;Sekajäte;JÄTEASTIAN TYHJENNYS 600-660 L;6;1;0,66;0;2;;1;53;17.8.2020;1.1.2099;;;;;;0;;;;;;98;;
1019097-9;2022Q3;11-0000518-00;1015704194;MIEHOLANTIE 64;16800 HÄMEENKOSKI;;;KOSKEN KIINTEISTÖ JA RAKENNUS OY/;TILIPALVELU SK-TOIMISTO KY;MATKAMIEHENKATU 34;15810 LAHTI;FI;;1.7.2022;30.9.2022;Sekajäte;JÄTEASTIAN TYHJENNYS 600-660 L;5;1;0,66;0;4;;1;53;17.8.2020;1.1.2099;;;;;;0;;;;;;98;;
1019097-9;2022Q3;11-0000518-00;1015704194;MIEHOLANTIE 64;16800 HÄMEENKOSKI;;;KOSKEN KIINTEISTÖ JA RAKENNUS OY/;TILIPALVELU SK-TOIMISTO KY;MATKAMIEHENKATU 34;15810 LAHTI;FI;;1.7.2022;30.9.2022;Sekajäte;JÄTEASTIAN TYHJENNYS 140 L;1;1;0,14;0;;;;;1.1.1900;1.1.2099;;;;;;0;;;;;;98;;
1019097-9;2022Q3;11-0000520-00;1024387637;KAITURINTIE 12;16800 HÄMEENKOSKI;;;POHJANOKSA TEEMU;;RIITANKUJA 5 A 3;00840 HELSINKI;FI;;1.7.2022;30.9.2022;Sekajäte;JÄTEASTIAN TYHJENNYS 140 L;4;1;0,14;0;2;;21;43;17.8.2020;1.1.2099;43;21;4;;;0;;;;;;98;;
1019097-9;2022Q3;11-0000602-00;102360748L;KUNTOPOLKU 8 / KP 836;16800 HÄMEENKOSKI;;;KAS KODIT OY;;PL 714;00026 BASWARE;;;1.7.2022;30.9.2022;Biojäte;BIOJÄTE;6;1;0,24;0;2;;1;53;13.7.2022;1.1.2099;;;;;;0;;;;;;98;;
1019097-9;2022Q3;11-0000602-00;102360748L;KUNTOPOLKU 8 / KP 836;16800 HÄMEENKOSKI;;;KAS KODIT OY;;PL 714;00026 BASWARE;;;1.7.2022;30.9.2022;Sekajäte;JÄTEASTIAN TYHJENNYS 600-660 L;13;1;0,66;0;1;;1;53;17.8.2020;1.1.2099;;;;;;0;;;;;;98;;
1019097-9;2022Q3;11-0000621-00;101580035A;MYLLYKYLÄNTIE 525;16800 HÄMEENKOSKI;;;KYLLINEN DANI JA KRISTA;;MYLLYKYLÄNTIE 525;16800 HÄMEENKOSKI;FI;;1.7.2022;30.9.2022;Sekajäte;JÄTEASTIAN TYHJENNYS 240 L;3;2;0,24;0;4;;1;53;17.8.2020;1.1.2099;;;;;;0;;;;;;98;;
1019097-9;2022Q3;11-0000621-00;101580035A;MYLLYKYLÄNTIE 525;16800 HÄMEENKOSKI;;;KYLLINEN DANI JA KRISTA;;MYLLYKYLÄNTIE 525;16800 HÄMEENKOSKI;FI;;1.7.2022;30.9.2022;Sekajäte;JÄTEASTIAN TYHJENNYS 600-660 L;3;1;0,66;0;;;;;1.1.1900;1.1.2099;;;;;;0;;;;;;98;;
1019097-9;2022Q3;11-0000632-00;101589436K;AHOLANTIE 74;16800 HÄMEENKOSKI;;;AALTONEN SEPPO;;AHOLANTIE 74;16800 HÄMEENKOSKI;;;1.7.2022;30.9.2022;Sekajäte;JÄTEASTIAN TYHJENNYS 140 L;2;1;0,14;0;8;;1;53;17.8.2020;1.1.2099;;;;;;0;;;;;;98;;
1019097-9;2022Q3;11-0000639-00;1023607079;LAMPOLANTIE 7;16800 HÄMEENKOSKI;;;BOGDANOFF MIKKO;;LAMPOLANTIE 7;16800 HÄMEENKOSKI;;;1.7.2022;30.9.2022;Sekajäte;JÄTEASTIAN TYHJENNYS 140 L;3;1;0,14;0;4;;1;53;17.8.2020;1.1.2099;;;;;;0;;;;;;98;;
1019097-9;2022Q3;11-0000698-00;102380210D;VANHATIE 83;16800 HÄMEENKOSKI;;;NIKKILÄ JUKKA;;VANHATIE83;16800 HÄMEENKOSKI;FI;;1.7.2022;30.9.2022;Sekajäte;JÄTEASTIAN TYHJENNYS 240 L;7;1;0,24;0;2;;1;53;7.10.2020;1.1.2099;;;;;;0;;;;;;98;;
1019097-9;2022Q3;11-0000743-02;1015702998;TELKÄNTIE 118;16800 HÄMEENKOSKI;;;SIHVONEN ESA;;KARVAROUSKU 2;02730 ESPOO;FI;;1.7.2022;30.9.2022;Sekajäte;JÄTEASTIAN TYHJENNYS 240 L;4;1;0,24;0;4;;1;53;2.5.2022;31.12.2099;;;;;1;50;11-0000743-00;VUORENPÄÄ KIRSI-MAIJA;;TELKÄNTIE 120;16800 HÄMEENKOSKI;98;;
1019097-9;2022Q3;11-0000748-00;102419547B;PIHLAJAKUJA 1 / KP 835;16800 HÄMEENKOSKI;;;KAS KODIT OY;;PL 714;00026 BASWARE;;;1.7.2022;30.9.2022;Biojäte;BIOJÄTE;6;1;0,24;0;2;;1;53;13.7.2022;1.1.2099;;;;;;0;;;;;;98;;
1019097-9;2022Q3;11-0000748-00;102419547B;PIHLAJAKUJA 1 / KP 835;16800 HÄMEENKOSKI;;;KAS KODIT OY;;PL 714;00026 BASWARE;;;1.7.2022;30.9.2022;Sekajäte;JÄTEASTIAN TYHJENNYS 600-660 L;13;1;0,66;0;1;;1;53;17.8.2020;1.1.2099;;;;;;0;;;;;;98;;
1019097-9;2022Q3;11-0000770-00;102438741H;KAITURINTIE 6;16800 HÄMEENKOSKI;;;MUKKULA MIIA;;KAITURINTIE 6;16800 HÄMEENKOSKI;FI;;1.7.2022;30.9.2022;Sekajäte;JÄTEASTIAN TYHJENNYS 240 L;2;1;0,24;0;8;;1;53;17.8.2020;1.1.2099;;;;;;0;;;;;;98;;
1019097-9;2022Q3;11-0000801-03;101570348U;KÄKELÄNMÄENTIE 20;16800 HÄMEENKOSKI;;;SALMINEN PÄIVI;;PÄIVÄNKAKKARANTIE 16;04300 TUUSULA;FI;;1.7.2022;30.9.2022;Sekajäte;JÄTEASTIAN TYHJENNYS 240 L;3;1;0,24;0;4;;1;53;17.8.2020;31.12.2099;;;;;1;16,667;11-0000801-00;KÄKELÄNMÄKI/MÖKIT;;KÄKELÄNMÄENTIE;16800 HÄMEENKOSKI;98;;
1019097-9;2022Q3;11-0000803-00;1024195725;KAITURINTIE 5;16800 HÄMEENKOSKI;;;LAURILA RIIKKA;;KAITURINTIE 5;16800 HÄMEENKOSKI;FI;;1.7.2022;30.9.2022;Sekajäte;JÄTEASTIAN TYHJENNYS 240 L;1;1;0,24;0;8;;1;53;17.8.2020;1.1.2099;;;;;;0;;;;;;98;;
1019097-9;2022Q3;11-0000813-00;102419531U;TAIMISTONTIE 1;16800 HÄMEENKOSKI;;;AS OY TAIMISTONRIVI;C/O SIMUNAN TILIAPU;NIEMENKATU 73;15140 LAHTI;;;1.7.2022;30.9.2022;Biojäte;BIOJÄTE;6;1;0,24;0;2;;1;53;13.7.2022;1.1.2099;;;;;;0;;;;;;98;;
1019097-9;2022Q3;11-0000813-00;102419531U;TAIMISTONTIE 1;16800 HÄMEENKOSKI;;;AS OY TAIMISTONRIVI;C/O SIMUNAN TILIAPU;NIEMENKATU 73;15140 LAHTI;;;1.7.2022;30.9.2022;Sekajäte;JÄTEASTIAN TYHJENNYS 240 L;13;1;0,24;0;1;;1;53;17.8.2020;1.1.2099;;;;;;0;;;;;;98;;
1019097-9;2022Q3;11-0000814-00;102419532V;TAIMISTONTIE 4;16800 HÄMEENKOSKI;;;AS OY PELLONSIVU;C/O SP-ISÄNNÖINTIPALVELUT OY;HALLITUSKATU 22;13100 HÄMEENLINNA;;;1.7.2022;30.9.2022;Biojäte;BIOJÄTE;6;1;0,24;0;2;;1;53;13.7.2022;1.1.2099;;;;;;0;;;;;;98;;
1019097-9;2022Q3;11-0000814-00;102419532V;TAIMISTONTIE 4;16800 HÄMEENKOSKI;;;AS OY PELLONSIVU;C/O SP-ISÄNNÖINTIPALVELUT OY;HALLITUSKATU 22;13100 HÄMEENLINNA;;;1.7.2022;30.9.2022;Sekajäte;JÄTEASTIAN TYHJENNYS 240 L;6;1;0,24;0;2;;1;53;17.8.2020;1.1.2099;;;;;;0;;;;;;98;;
1019097-9;2022Q3;11-0000837-00;1024388268;KESKUSTIE 4;16800 HÄMEENKOSKI;;;HARTONEN NINO JA ANN-SOFIE;;KESKUSTIE 4;16800 HÄMEENKOSKI;FI;;1.7.2022;30.9.2022;Sekajäte;JÄTEASTIAN TYHJENNYS 240 L;6;1;0,24;0;2;;1;53;21.6.2021;1.1.2099;;;;;;0;;;;;;98;;
1019097-9;2022Q3;11-0000862-00;102409726J;KUKONKALLIONTIE 22;16800 HÄMEENKOSKI;;;VILANDER RISTO;;KUKONKALLIONTIE 22;16800 HÄMEENKOSKI;FI;;1.7.2022;30.9.2022;Sekajäte;JÄTEASTIAN TYHJENNYS 140 L;1;1;0,14;0;8;;1;53;17.8.2020;1.1.2099;;;;;;0;;;;;;98;;
1019097-9;2022Q3;11-0000865-00;102370629B;YLÄ-KUKKOLANTIE 10;16800 HÄMEENKOSKI;;;SAARINEN AIMO;;YLÄ-KUKKOLANTIE 10;16800 HÄMEENKOSKI;FI;;1.7.2022;30.9.2022;Sekajäte;JÄTEASTIAN TYHJENNYS 240 L;2;1;0,24;0;8;;1;53;17.8.2020;1.1.2099;;;;;;0;;;;;;98;;
1019097-9;2022Q3;11-0000869-00;101570433K;UUSI-PÄTILÄNTIE 23;16800 HÄMEENKOSKI;;;HIETANEN MERJA;;UUSI-PÄTILÄNTIE 23;16800 HÄMEENKOSKI;FI;;1.7.2022;30.9.2022;Sekajäte;JÄTEASTIAN TYHJENNYS 240 L;2;1;0,24;0;4;;1;53;17.8.2020;1.1.2099;;;;;;0;;;;;;98;;
1019097-9;2022Q3;11-0000870-00;101618076E;KYLMÄOJANTIE 50;16800 HÄMEENKOSKI;;;RUUSUVUORI MIKKO;;KYLMÄOJANTIE 50;16800 HÄMEENKOSKI;FI;;1.7.2022;30.9.2022;Sekajäte;JÄTEASTIAN TYHJENNYS 240 L;3;1;0,24;0;4;;2;4;17.8.2020;1.1.2099;6;2;4;;;0;;;;;;98;;
1019097-9;2022Q3;11-0000879-00;100184139D;HERRALANTIE 834;16500 HERRALA;;;SALOKOSKI JANNE;;HERRALANTIE 834;16500 HERRALA;FI;;1.7.2022;30.9.2022;Sekajäte;JÄTEASTIAN TYHJENNYS 240 L;2;1;0,24;0;8;;1;53;17.8.2020;1.1.2099;;;;;;0;;;;;;98;;
1019097-9;2022Q3;11-0000888-00;102370506C;KUUSIRANNANTIE 11;16800 HÄMEENKOSKI;;;JÄÄMAA JENNI;;PALLASKATU 5 AS 5;15900 LAHTI;FI;;1.7.2022;30.9.2022;Sekajäte;JÄTEASTIAN TYHJENNYS 240 L;2;1;0,24;0;4;;1;53;17.8.2020;1.1.2099;;;;;;0;;;;;;98;;
1019097-9;2022Q3;11-0000890-00;102409677Y;YHDYSTIE 10;16800 HÄMEENKOSKI;;;TIMPERI RIIKKA;;YHDYSTIE 10;16800 HÄMEENKOSKI;FI;;1.7.2022;30.9.2022;Sekajäte;JÄTEASTIAN TYHJENNYS 240 L;2;1;0,24;0;8;;1;53;17.8.2020;1.1.2099;;;;;;0;;;;;;98;;
1019097-9;2022Q3;11-0000893-00;100318255R;KETTUMÄENKUJA 37;15880 HOLLOLA;;;KAUHALA ILKKA;;KETTUMÄENKUJA 37;15880 HOLLOLA;FI;;1.7.2022;30.9.2022;Sekajäte;JÄTEASTIAN TYHJENNYS 240 L;2;1;0,24;0;8;;1;53;17.8.2020;1.1.2099;;;;;;0;;;;;;98;;
1019097-9;2022Q3;11-0000902-00;100299279L;KASTARINTIE 16;15880 HOLLOLA;;;PÖLLÄNEN PERTTU;;KASTARINTIE 16;15880 HOLLOLA;FI;;1.7.2022;30.9.2022;Sekajäte;JÄTEASTIAN TYHJENNYS 240 L;3;1;0,24;0;4;;1;53;17.8.2020;1.1.2099;;;;;;0;;;;;;98;;
1019097-9;2022Q3;11-0000935-00;102360758X;MEIJERIPOLKU;16800 HÄMEENKOSKI;;;AS OY KOSKEN HL NUPPULINNA;C/O TILIPALVELU SK-TOIMISTO;MATKAMIEHENKATU 34;15810 LAHTI;FI;;1.7.2022;30.9.2022;Biojäte;BIOJÄTE;6;1;0,24;0;2;;1;53;13.7.2022;1.1.2099;;;;;;0;;;;;;98;;
1019097-9;2022Q3;11-0000935-00;102360758X;MEIJERIPOLKU;16800 HÄMEENKOSKI;;;AS OY KOSKEN HL NUPPULINNA;C/O TILIPALVELU SK-TOIMISTO;MATKAMIEHENKATU 34;15810 LAHTI;FI;;1.7.2022;30.9.2022;Sekajäte;JÄTEASTIAN TYHJENNYS 600-660 L;6;1;0,66;0;2;;1;53;17.8.2020;1.1.2099;;;;;;0;;;;;;98;;
1019097-9;2022Q3;11-0000945-00;102380218N;VANHATIE 81;16800 HÄMEENKOSKI;;;LATTUNEN LIISA;;VANHATIE 81;16800 HÄMEENKOSKI;FI;;1.7.2022;30.9.2022;Sekajäte;JÄTEASTIAN TYHJENNYS 240 L;3;1;0,24;0;4;;1;53;17.8.2020;1.1.2099;;;;;;0;;;;;;98;;
1019097-9;2022Q3;11-0000974-00;101560576L;RAHIKANTIE 25 B;12170 HIETOINEN;;;KORHONEN HANNU;;MOMMILANTIE 1859;12170 HIETOINEN;FI;;1.7.2022;30.9.2022;Sekajäte;JÄTEASTIAN TYHJENNYS 600-660 L;2;1;0,66;0;8;;1;53;17.8.2020;1.1.2099;;;;;;0;;;;;;98;;
1019097-9;2022Q3;11-0000987-00;102438768C;JOKIPOLKU 1-3;16800 HÄMEENKOSKI;;;AS OY HÄMEENKOSKEN JOKIPOLKU;C/O ISÄNNÖINTIPALVELUT OY;HALLITUSKATU 22;13100 HÄMEENLINNA;;;1.7.2022;30.9.2022;Biojäte;BIOJÄTE;6;1;0,24;0;2;;1;53;13.7.2022;1.1.2099;;;;;;0;;;;;;98;;
1019097-9;2022Q3;11-0000987-00;102438768C;JOKIPOLKU 1-3;16800 HÄMEENKOSKI;;;AS OY HÄMEENKOSKEN JOKIPOLKU;C/O ISÄNNÖINTIPALVELUT OY;HALLITUSKATU 22;13100 HÄMEENLINNA;;;1.7.2022;30.9.2022;Sekajäte;JÄTEASTIAN TYHJENNYS 600-660 L;4;1;0,66;0;4;;1;53;17.8.2020;1.1.2099;;;;;;0;;;;;;98;;
1019097-9;2022Q3;11-0000992-00;102438743K;AJOMÄENTIE 5;16800 HÄMEENKOSKI;;;AS OY KOSKENRINNE;MIIKA NIEMIKORPI;KIVISOJANTIE 18;16600 JÄRVELÄ;FI;;1.7.2022;30.9.2022;Biojäte;BIOJÄTE;6;1;0,24;0;2;;1;53;13.7.2022;1.1.2099;;;;;;0;;;;;;98;;
1019097-9;2022Q3;11-0000992-00;102438743K;AJOMÄENTIE 5;16800 HÄMEENKOSKI;;;AS OY KOSKENRINNE;MIIKA NIEMIKORPI;KIVISOJANTIE 18;16600 JÄRVELÄ;FI;;1.7.2022;30.9.2022;Sekajäte;JÄTEASTIAN TYHJENNYS 600-660 L;6;1;0,66;0;2;;1;53;17.8.2020;1.1.2099;;;;;;0;;;;;;98;;
1019097-9;2022Q3;11-0001002-00;103298897F;KAURISTIE 6;16800 HÄMEENKOSKI;;;PYYHTIÄ JENNA;;KAURISTIE 6;16800 HÄMEENKOSKI;FI;;1.7.2022;30.9.2022;Sekajäte;JÄTEASTIAN TYHJENNYS 240 L;3;1;0,24;0;4;;1;53;17.8.2020;1.1.2099;22;26;2;;;0;;;;;;98;;
1019097-9;2022Q3;11-0001021-00;1024194762;KAUNKORVENTIE 469;16800 HÄMEENKOSKI;;;KAISLAHARJU JOONAS;;KAUNKORVENTIE 469;16800 HÄMEENKOSKI;FI;;1.7.2022;30.9.2022;Sekajäte;JÄTEASTIAN TYHJENNYS 240 L;1;1;0,24;0;12;;1;53;17.8.2020;1.1.2099;;;;;;0;;;;;;98;;
1019097-9;2022Q3;11-0001022-00;1015515736;KURJENPOLKU 15;16800 HÄMEENKOSKI;;;JOKINEN JANNA;;KURJENPOLKU 15;16800 HÄMEENKOSKI;FI;;1.7.2022;30.9.2022;Sekajäte;JÄTEASTIAN TYHJENNYS 360 L;3;1;0,36;0;4;;1;53;17.8.2020;1.1.2099;;;;;;0;;;;;;98;;
1019097-9;2022Q3;11-0001057-00;103166589F;PYSÄKKITIE 340;16630 TENNILÄ;;;AHONEN ASKO;;PYSÄKKITIE 340;16630 TENNILÄ;FI;;1.7.2022;30.9.2022;Sekajäte;JÄTEASTIAN TYHJENNYS 240 L;4;1;0,24;0;4;;1;53;26.4.2020;1.1.2099;;;;;;0;;;;;;98;;
1019097-9;2022Q3;11-0001066-00;1037525083;TELKÄNTIE 59;16800 HÄMEENKOSKI;;;PITKÄLÄ MIKA;;YMMERSTANPORTTI 8 F 12;02750 ESPOO;FI;;1.7.2022;30.9.2022;Sekajäte;JÄTEASTIAN TYHJENNYS 240 L;5;1;0,24;0;2;;24;34;26.5.2020;1.1.2099;34;24;4;;;0;;;;;;98;;
1019097-9;2022Q3;11-0001071-00;102351081S;RUUHITIE 7;16800 HÄMEENKOSKI;;;SCHALES KATJA;;RUUHITIE 7;16800 HÄMEENKOSKI;FI;;1.7.2022;30.9.2022;Sekajäte;JÄTEASTIAN TYHJENNYS 240 L;7;1;0,24;0;2;;1;53;15.6.2020;1.1.2099;;;;;;0;;;;;;98;;
1019097-9;2022Q3;11-0001077-00;102370536B;VASAPOLKU 2;16800 HÄMEENKOSKI;;;HEIKKILÄ JANNE;;VASAPOLKU 2;16800 HÄMEENKOSKI;FI;;1.7.2022;30.9.2022;Sekajäte;JÄTEASTIAN TYHJENNYS 240 L;3;1;0,24;0;4;;1;53;5.7.2020;1.1.2099;;;;;;0;;;;;;98;;
1019097-9;2022Q3;11-0001084-00;1024001621;VENEKUJA 6;16800 HÄMEENKOSKI;;;ILOMÄKI JOONAS;;VENEKUJA 6;16800 HÄMEENKOSKI;FI;;1.7.2022;30.9.2022;Sekajäte;JÄTEASTIAN TYHJENNYS 140 L;7;1;0,14;0;2;;1;53;4.8.2020;1.1.2099;;;;;;0;;;;;;98;;
1019097-9;2022Q3;11-0001087-00;101551521H;TOIJALANTIE 7;16800 HÄMEENKOSKI;;;SUOMINEN VELI-MATTI;;TOIJALANTIE 7;16800 HÄMEENKOSKI;FI;;1.7.2022;30.9.2022;Sekajäte;JÄTEASTIAN TYHJENNYS 240 L;1;1;0,24;0;12;;1;53;10.8.2020;1.1.2099;;;;;;0;;;;;;98;;
1019097-9;2022Q3;11-0001090-00;1001069094;IRJANTIE 4;16500 HERRALA;;;DOBRYNIN ANDREY;;IRJANTIE 4;16500 HERRALA;FI;;1.7.2022;30.9.2022;Sekajäte;JÄTEASTIAN TYHJENNYS 240 L;3;1;0,24;0;4;;1;53;21.8.2020;1.1.2099;;;;;;0;;;;;;98;;
1019097-9;2022Q3;11-0001094-00;101608064F;PÄTILÄNTIE 491;16800 HÄMEENKOSKI;;;HÄMÄLÄINEN RISTO;;KEVÄTTUULENTIE 8;01760 VANTAA;FI;;1.7.2022;30.9.2022;Sekajäte;JÄTEASTIAN TYHJENNYS 240 L;2;1;0,24;0;8;;1;53;3.9.2020;1.1.2099;;;;;;0;;;;;;98;;
1019097-9;2022Q3;11-0001096-00;102351038C;PALOMAANTIE 342;16800 HÄMEENKOSKI;;;KORPI PAULIINA;;PALOMAANTIE 342;16800 HÄMEENKOSKI;FI;;1.7.2022;30.9.2022;Sekajäte;JÄTEASTIAN TYHJENNYS 240 L;3;1;0,24;0;4;;1;53;7.9.2020;1.1.2099;;;;;;0;;;;;;98;;
1019097-9;2022Q3;11-0001099-00;1024096802;SUPPATIE 2;16800 HÄMEENKOSKI;;;MERILÄINEN TARJA;;SUPPATIE 2;16800 HÄMEENKOSKI;FI;;1.7.2022;30.9.2022;Sekajäte;JÄTEASTIAN TYHJENNYS 600-660 L;3;1;0,66;0;4;;1;53;17.9.2020;1.1.2099;;;;;;0;;;;;;98;;
1019097-9;2022Q3;11-0001100-00;100909707U;TURKUKUJA 6;15880 HOLLOLA;;;TIILIKKA RAIMO;;TURKUKUJA 6;15880 HOLLOLA;FI;;1.7.2022;30.9.2022;Sekajäte;JÄTEASTIAN TYHJENNYS 240 L;6;1;0,24;0;2;;19;35;24.9.2020;1.1.2099;35;19;4;;;0;;;;;;98;;
1019097-9;2022Q3;11-0001103-00;101589539W;OJASTENKUJA 7;16800 HÄMEENKOSKI;;;KUUSTENMAA JAAKKO;;OJASTENKUJA 7;16800 HÄMEENKOSKI;FI;;1.7.2022;30.9.2022;Sekajäte;JÄTEASTIAN TYHJENNYS 240 L;3;1;0,24;0;4;;1;53;1.10.2020;1.1.2099;;;;;;0;;;;;;98;;
1019097-9;2022Q3;11-0001104-00;102360743E;KESKUSTIE 22;16800 HÄMEENKOSKI;;;OJALA JAKKE;;KESKUSTIE 22;16800 HÄMEENKOSKI;FI;;1.7.2022;30.9.2022;Sekajäte;JÄTEASTIAN TYHJENNYS 240 L;3;1;0,24;0;4;;1;53;6.10.2020;1.1.2099;;;;;;0;;;;;;98;;
1019097-9;2022Q3;11-0001111-00;1024387648;PIHLAJAMÄENTIE 23;16800 HÄMEENKOSKI;;;HAIKOLA VILLE;;PIHLAJAMÄENTIE 23;16800 HÄMEENKOSKI;FI;;1.7.2022;30.9.2022;Sekajäte;JÄTEASTIAN TYHJENNYS 240 L;2;1;0,24;0;6;;1;53;9.11.2020;1.1.2099;;;;;;0;;;;;;98;;
1019097-9;2022Q3;11-0001114-00;1023802036;VANHATIE 139;16800 HÄMEENKOSKI;;;RUUSUNEN PETRI;;VANHATIE 139;16800 HÄMEENKOSKI;FI;;1.7.2022;30.9.2022;Sekajäte;JÄTEASTIAN TYHJENNYS 140 L;2;1;0,14;0;8;;1;53;24.11.2020;1.1.2099;;;;;;0;;;;;;98;;
1019097-9;2022Q3;11-0001118-00;102350990U;KOSKIHARJUNTIE 12;16800 HÄMEENKOSKI;;;RAUTJÄRVI HILLA;;KOSKIHARJUNTIE 12;16800 HÄMEENKOSKI;FI;;1.7.2022;30.9.2022;Sekajäte;JÄTEASTIAN TYHJENNYS 240 L;4;1;0,24;0;4;;1;53;13.12.2020;1.1.2099;;;;;;0;;;;;;98;;
1019097-9;2022Q3;11-0001125-00;101570342M;KÄKELÄNMÄENTIE 28;16800 HÄMEENKOSKI;;;JUNTUNEN MARIA;;HANSINKATU 12 A 5;01400 VANTAA;FI;;1.7.2022;30.9.2022;Sekajäte;JÄTEASTIAN TYHJENNYS 240 L;3;1;0,24;0;4;;1;53;17.8.2020;31.12.2099;;;;;1;16,667;11-0000801-00;KÄKELÄNMÄKI/MÖKIT;;KÄKELÄNMÄENTIE;16800 HÄMEENKOSKI;98;;
1019097-9;2022Q3;11-0001126-00;101570341L;KÄKELÄNMÄENTIE 29;16800 HÄMEENKOSKI;;;SATONIITTY TIMO;;LÖYDÖNTIE 4 C 42;01600 VANTAA;FI;;1.7.2022;30.9.2022;Sekajäte;JÄTEASTIAN TYHJENNYS 240 L;3;1;0,24;0;4;;1;53;17.8.2020;31.12.2099;;;;;1;16,667;11-0000801-00;KÄKELÄNMÄKI/MÖKIT;;KÄKELÄNMÄENTIE;16800 HÄMEENKOSKI;98;;
1019097-9;2022Q3;11-0001127-00;101570347T;KÄKELÄNMÄENTIE 15;16800 HÄMEENKOSKI;;;SALMI KARI;;MALMINMÄENTIE 2 E 10;02280 ESPOO;FI;;1.7.2022;30.9.2022;Sekajäte;JÄTEASTIAN TYHJENNYS 240 L;3;1;0,24;0;4;;1;53;17.8.2020;31.12.2099;;;;;1;16,667;11-0000801-00;KÄKELÄNMÄKI/MÖKIT;;KÄKELÄNMÄENTIE;16800 HÄMEENKOSKI;98;;
1019097-9;2022Q3;11-0001128-00;101570346S;KÄKELÄNMÄENTIE 11;16800 HÄMEENKOSKI;;;HÄMÄLÄINEN AILA JA PENTTI;;KOLMEN ÄSSÄNTIE 3 B 12;15880 HOLLOLA;FI;;1.7.2022;30.9.2022;Sekajäte;JÄTEASTIAN TYHJENNYS 240 L;3;1;0,24;0;4;;1;53;17.8.2020;31.12.2099;;;;;1;16,667;11-0000801-00;KÄKELÄNMÄKI/MÖKIT;;KÄKELÄNMÄENTIE;16800 HÄMEENKOSKI;98;;
1019097-9;2022Q3;11-0001129-00;102360786U;ASIKKALANTIE 4;16800 HÄMEENKOSKI;;;LINDEN IDA;;ASIKKALANTIE 4;16800 HÄMEENKOSKI;FI;;1.7.2022;30.9.2022;Sekajäte;JÄTEASTIAN TYHJENNYS 240 L;3;1;0,24;0;4;;1;53;11.2.2021;1.1.2099;;;;;;0;;;;;;98;;
1019097-9;2022Q3;11-0001130-00;100106902W;IRJANTIE 2;16500 HERRALA;;;VIROLAINEN ROMAN C/O DOBRYNIN ANDRE;;IRJANTIE 4;16500 HERRALA;FI;;1.7.2022;30.9.2022;Sekajäte;JÄTEASTIAN TYHJENNYS 240 L;1;1;0,24;0;8;;1;53;14.2.2021;1.1.2099;;;;;;0;;;;;;98;;
1019097-9;2022Q3;11-0001131-00;1024097776;KUKONKALLIONTIE 13;16800 HÄMEENKOSKI;;;VIRTA ERKKI;;KUKONKALLIONTIE 13;16800 HÄMEENKOSKI;FI;;1.7.2022;30.9.2022;Sekajäte;JÄTEASTIAN TYHJENNYS 240 L;2;1;0,24;0;4;;1;53;28.2.2021;1.1.2099;;;;;;0;;;;;;98;;
1019097-9;2022Q3;11-0001132-00;1023510592;PEURANPOLKU 80;16800 HÄMEENKOSKI;;;SUVIVUO ANNIKA;;PEURANPOLKU 80;16800 HÄMEENKOSKI;FI;;1.7.2022;30.9.2022;Sekajäte;JÄTEASTIAN TYHJENNYS 240 L;1;1;0,24;0;8;;1;53;8.3.2021;1.1.2099;;;;;;0;;;;;;98;;
1019097-9;2022Q3;11-0001138-00;103561493A;HUHDINTIE 92;16800 HÄMEENKOSKI;;;UTELA KAI;;HUHDINTIE 92;16800 HÄMEENKOSKI;FI;;1.7.2022;30.9.2022;Sekajäte;JÄTEASTIAN TYHJENNYS 240 L;3;1;0,24;0;4;;1;53;5.5.2021;1.1.2099;;;;;;0;;;;;;98;;
1019097-9;2022Q3;11-0001140-00;1023901845;RAIJANKORVENTIE 87;16800 HÄMEENKOSKI;;;HIETALA HELI;;TEERISUONTIE 5 A 16;00700 HELSINKI;FI;;1.7.2022;30.9.2022;Sekajäte;JÄTEASTIAN TYHJENNYS 240 L;4;1;0,24;0;4;;1;53;28.5.2021;1.1.2099;;;;;;0;;;;;;98;;
1019097-9;2022Q3;11-0001141-00;283-409-0003-0008;KAUNKORVENTIE 351;16800 HÄMEENKOSKI;;;KALE KIRSI;;HARJUTIE 1 B 10;17200 VÄÄKSY;FI;;1.7.2022;30.9.2022;Sekajäte;JÄTEASTIAN TYHJENNYS 240 L;2;1;0,24;0;4;;1;53;31.5.2021;1.1.2099;;;;;;0;;;;;;98;;
1019097-9;2022Q3;11-0001142-00;102400036Y;KARJASILLANTIE 523;16800 HÄMEENKOSKI;;;LINDQVIST PÄIVI;;VUORIKATU 18 C 20;18130 HEINOLA;FI;;1.7.2022;30.9.2022;Sekajäte;JÄTEASTIAN TYHJENNYS 240 L;4;1;0,24;0;4;;1;53;2.6.2021;1.1.2099;;;;;;0;;;;;;98;;
1019097-9;2022Q3;11-0001142-00;102400036Y;KARJASILLANTIE 523;16800 HÄMEENKOSKI;;;LINDQVIST PÄIVI;;VUORIKATU 18 C 20;18130 HEINOLA;FI;;1.7.2022;30.9.2022;Sekajäte;JÄTEASTIAN TYHJENNYS 140 L;3;1;0,14;0;4;;1;53;31.5.2022;1.1.2099;;;;;;0;;;;;;98;;
1019097-9;2022Q3;11-0001144-00;102351055X;PEURANPOLKU 44;16800 HÄMEENKOSKI;;;NASKALI KRISTIINA;;SALPAKANKAANTIE 3 AS 29;15860 HOLLOLA;FI;;1.7.2022;30.9.2022;Sekajäte;JÄTEASTIAN TYHJENNYS 140 L;3;1;0,14;0;4;;1;53;3.6.2021;1.1.2099;;;;;;0;;;;;;98;;
1019097-9;2022Q3;11-0001146-00;103552831W;TELKÄNTIE 105;16800 HÄMEENKOSKI;;;MUSTAKOSKI PASI;;RUNORATSUNKATU 3 A 88;02600 ESPOO;FI;;1.7.2022;30.9.2022;Sekajäte;JÄTEASTIAN TYHJENNYS 140 L;5;1;0,14;0;2;;24;34;4.6.2021;1.1.2099;34;24;4;;;0;;;;;;98;;
1019097-9;2022Q3;11-0001149-00;102370604J;HULJALANTIE 241;16800 HÄMEENKOSKI;;;MÄKI-PUHTILA EERO;;HULJALANTIE 241;16800 HÄMEENKOSKI;FI;;1.7.2022;30.9.2022;Sekajäte;JÄTEASTIAN TYHJENNYS 240 L;4;1;0,24;0;4;;1;53;14.6.2021;1.1.2099;;;;;;0;;;;;;98;;
1019097-9;2022Q3;11-0001150-00;101589552A;ALI-KURKELANTIE 130;16800 HÄMEENKOSKI;;;HELLÄKOSKI SARI / LAAKSO TIMO;;ALI-KURKELANTIE 130;16800 HÄMEENKOSKI;FI;;1.7.2022;30.9.2022;Sekajäte;JÄTEASTIAN TYHJENNYS 140 L;7;1;0,14;0;2;;1;53;17.9.2021;1.1.2099;;;;;;0;;;;;;98;;
1019097-9;2022Q3;11-0001153-00;102409768W;KOTIKARTANONTIE 4;16800 HÄMEENKOSKI;;;PICCININI ALFREDO;;KOTIKARTANONTIE 4;16800 HÄMEENKOSKI;FI;;1.7.2022;30.9.2022;Sekajäte;JÄTEASTIAN TYHJENNYS 240 L;2;1;0,24;0;4;;1;53;30.6.2021;1.1.2099;;;;;;0;;;;;;98;;
1019097-9;2022Q3;11-0001154-00;1023608220;HANKALANTIE 3;16800 HÄMEENKOSKI;;;SOUKKALAHTI RIINA;;HANKALANTIE 3;16800 HÄMEENKOSKI;FI;;1.7.2022;30.9.2022;Sekajäte;JÄTEASTIAN TYHJENNYS 240 L;6;1;0,24;0;2;;1;53;6.7.2021;1.1.2099;;;;;;0;;;;;;98;;
1019097-9;2022Q3;11-0001156-00;1016180409;JOENMAANTIE 21;16670 LAPPILA;;;VIRTANEN MAURI;;JOENMAANTIE 21;16670 LAPPILA;FI;;1.7.2022;30.9.2022;Sekajäte;JÄTEASTIAN TYHJENNYS 240 L;2;1;0,24;0;8;;1;53;19.7.2021;1.1.2099;;;;;;0;;;;;;98;;
1019097-9;2022Q3;11-0001161-00;101570407R;KANGASTENMÄENTIE 255 A;16800 HÄMEENKOSKI;;;PARIKKA JUHO;;KANGASTENMÄENTIE 255 A;16800 HÄMEENKOSKI;FI;;1.7.2022;30.9.2022;Sekajäte;JÄTEASTIAN TYHJENNYS 240 L;3;1;0,24;0;4;;1;53;9.9.2021;1.1.2099;;;;;;0;;;;;;98;;
1019097-9;2022Q3;11-0001163-00;100815375V;TENNILÄNTIE 504;15880 HOLLOLA;;;KIMTA-KIINTEISTÖT OY;KIMMO TAIPALE;TENNILÄNTIE 504;15880 HOLLOLA;FI;;1.7.2022;30.9.2022;Sekajäte;JÄTEASTIAN TYHJENNYS 240 L;3;1;0,24;0;4;;1;53;16.9.2021;1.1.2099;;;;;;0;;;;;;98;;
1019097-9;2022Q3;11-0001165-00;102360778K;KOSKIHARJUNTIE 2;16800 HÄMEENKOSKI;;;NURMI SINIKKA;;KOSKIHARJUNTIE 2;16800 HÄMEENKOSKI;FI;;1.7.2022;30.9.2022;Sekajäte;JÄTEASTIAN TYHJENNYS 140 L;4;2;0,14;0;4;;1;53;22.9.2021;1.1.2099;;;;;;0;;;;;;98;;
1019097-9;2022Q3;11-0001179-00;1023706257;YLÄ-KUKKOLANTIE 8;16800 HÄMEENKOSKI;;;HAUTAKOSKI JARMO;;YLÄ-KUKKOLANTIE 8;16800 HÄMEENKOSKI;FI;;1.7.2022;30.9.2022;Sekajäte;JÄTEASTIAN TYHJENNYS 240 L;6;1;0,24;0;2;;1;53;12.1.2022;1.1.2099;;;;;;0;;;;;;98;;
1019097-9;2022Q3;11-0001180-00;102400143D;KOSKIHARJUNTIE 27;16800 HÄMEENKOSKI;;;SEPPINEN JERE;;KOSKIHARJUNTIE 27;16800 HÄMEENKOSKI;FI;;1.7.2022;30.9.2022;Sekajäte;JÄTEASTIAN TYHJENNYS 140 L;1;1;0,14;0;;;;;1.1.1900;1.1.2099;;;;;;0;;;;;;98;;
1019097-9;2022Q3;11-0001181-00;102360679C;NIKKARINTIE 10;16800 HÄMEENKOSKI;;;LEPOLA PIA;;MUSTANNIEMENRINNE 3 A 2;00760 HELSINKI;FI;;1.7.2022;30.9.2022;Sekajäte;JÄTEASTIAN TYHJENNYS 240 L;6;2;0,24;0;2;;23;35;23.2.2022;1.1.2099;35;23;4;;;0;;;;;;98;;
1019097-9;2022Q3;11-0001182-00;102370553W;MOMMILANTIE 1012 B;16900 LAMMI;;;HÄNNIKÄINEN JOUKO;;LINJATIE 3 A 1;16900 LAMMI;FI;;1.7.2022;30.9.2022;Sekajäte;JÄTEASTIAN TYHJENNYS 240 L;3;1;0,24;0;4;;1;53;3.3.2022;1.1.2099;;;;;;0;;;;;;98;;
1019097-9;2022Q3;11-0001183-00;100308677S;KAIVOPOLKU 24;15880 HOLLOLA;;;LIIKONEN KIRSI JA KARI;;KAIVOPOLKU 24;15880 HOLLOLA;FI;;1.7.2022;30.9.2022;Sekajäte;JÄTEASTIAN TYHJENNYS 240 L;1;1;0,24;0;8;;1;53;10.3.2022;1.1.2099;12;16;4;;;0;;;;;;98;;
1019097-9;2022Q3;11-0001189-00;100221059C;KASTARINTIE 468;15880 HOLLOLA;;;SORVISTO-KARPPINEN EIJA;;KASTARINTIE 468;15880 HOLLOLA;FI;;1.7.2022;30.9.2022;Sekajäte;JÄTEASTIAN TYHJENNYS 140 L;3;1;0,14;0;4;;1;53;7.4.2022;1.1.2099;;;;;;0;;;;;;98;;
1019097-9;2022Q3;11-0001195-00;101608033F;JÄRVITIE 12 B;16800 HÄMEENKOSKI;;;MÄKELÄ HANNE;;KAKSOISKIVENTIE 12 B 1;02760 ESPOO;FI;;1.7.2022;30.9.2022;Sekajäte;JÄTEASTIAN TYHJENNYS 140 L;2;1;0,14;0;4;;1;53;25.5.2022;1.1.2099;;;;;;0;;;;;;98;;
1019097-9;2022Q3;11-0001197-00;1024387571;KESKUSTIE 25;16800 HÄMEENKOSKI;;;SAMMALISTO EEVA;;KESKUSTIE 25;16800 HÄMEENKOSKI;FI;;1.7.2022;30.9.2022;Sekajäte;JÄTEASTIAN TYHJENNYS 140 L;7;1;0,14;0;2;;1;53;27.5.2022;1.1.2099;;;;;;0;;;;;;98;;
1019097-9;2022Q3;11-0001198-00;1023801350;KUKKOLANTIE 36;16800 HÄMEENKOSKI;;;HUVILA MARKUS;;KUKKOLANTIE 36;16800 HÄMEENKOSKI;FI;;1.7.2022;30.9.2022;Sekajäte;JÄTEASTIAN TYHJENNYS 240 L;2;1;0,24;0;8;;1;53;30.5.2022;1.1.2099;;;;;;0;;;;;;98;;
1019097-9;2022Q3;12-0000009-00;100978154T;KEIHÄSKUJA 4;15870 HOLLOLA;;;INKINEN SAMI;;KEIHÄSKUJA 4;15870 HOLLOLA;FI;;1.7.2022;30.9.2022;Sekajäte;JÄTEASTIAN TYHJENNYS 240 L;7;1;0,24;0;2;;1;53;17.8.2020;1.1.2099;;;;;;0;;;;;;98;;
1019097-9;2022Q3;12-0000029-00;100909701M;TURKUPIHA 6;15580 HOLLOLA;;;SORSILA KARI;;TURKUPIHA 6;15580 HOLLOLA;FI;;1.7.2022;30.9.2022;Sekajäte;JÄTEASTIAN TYHJENNYS 240 L;4;1;0,24;0;4;;1;53;17.8.2020;1.1.2099;;;;;;0;;;;;;98;;
1019097-9;2022Q3;12-0000040-00;100833347L;KERPPILÄNTIE 161;15880 HOLLOLA;;;KERPPILÄ JAAKKO;;KERPPILÄNTIE 161;15880 HOLLOLA;FI;;1.7.2022;30.9.2022;Sekajäte;JÄTEASTIAN TYHJENNYS 240 L;2;1;0,24;0;4;;1;53;27.7.2022;1.1.2099;;;;;;0;;;;;;98;;
1019097-9;2022Q3;12-0000095-00;100978157W;KEIHÄSKUJA 2;15870 HOLLOLA;;;MÄKINEN EERO;;KEIHÄSKUJA 2;15870 HOLLOLA;FI;;1.7.2022;30.9.2022;Sekajäte;JÄTEASTIAN TYHJENNYS 240 L;1;1;0,24;0;8;;1;53;17.8.2020;1.1.2099;;;;;;0;;;;;;98;;
1019097-9;2022Q3;12-0000104-00;100318193R;TENNILÄNTIE 67 A;15880 HOLLOLA;;;VALO KALLE;;TENNILÄNTIE 67 A;15880 HOLLOLA;FI;;1.7.2022;30.9.2022;Sekajäte;JÄTEASTIAN TYHJENNYS 240 L;2;1;0,24;0;12;;1;53;17.8.2020;1.1.2099;;;;;;0;;;;;;98;;
1019097-9;2022Q3;12-0000105-00;100318195T;TENNILÄNTIE 67 C;15880 HOLLOLA;;;MÄKELÄ TAUNO;;TENNILÄNTIE 67 C;15880 HOLLOLA;FI;;1.7.2022;30.9.2022;Sekajäte;JÄTEASTIAN TYHJENNYS 240 L;2;1;0,24;0;12;;1;53;17.8.2020;1.1.2099;;;;;;0;;;;;;98;;
1019097-9;2022Q3;12-0000112-00;100174670Y;ROOPENTIE 1;16500 HERRALA;;;KUOSA MINNA;;ROOPENTIE 1;16500 HERRALA;FI;;1.7.2022;30.9.2022;Sekajäte;JÄTEASTIAN TYHJENNYS 240 L;3;2;0,24;0;4;;1;53;17.8.2020;1.1.2099;;;;;;0;;;;;;98;;
1019097-9;2022Q3;12-0000114-00;1033491330;KAIVOMÄENTIE 17;15880 HOLLOLA;;;HELANDER KATARINA;;KAIVOMÄENTIE 17;15880 HOLLOLA;FI;;1.7.2022;30.9.2022;Sekajäte;JÄTEASTIAN TYHJENNYS 240 L;2;1;0,24;0;8;;1;53;13.8.2020;1.1.2099;;;;;;0;;;;;;98;;
1019097-9;2022Q3;12-0000124-00;100308787A;RIIHIMÄENTIE 479;16500 HERRALA;;;TALLBERG MIKAEL;;RIIHIMÄENTIE 479;16500 HERRALA;FI;;1.7.2022;30.9.2022;Sekajäte;JÄTEASTIAN TYHJENNYS 240 L;3;1;0,24;0;4;;1;53;1.9.2021;1.1.2099;;;;;;0;;;;;;98;;
1019097-9;2022Q3;12-0000129-00;1024097743;VIIANPORTAANTIE 1;16800 HÄMEENKOSKI;;;AUTIOVUORI PASI;;VIIANPORTAANTIE 1;16800 HÄMEENKOSKI;FI;;1.7.2022;30.9.2022;Sekajäte;JÄTEASTIAN TYHJENNYS 240 L;6;1;0,24;0;4;;1;53;7.4.2022;1.1.2099;;;;;;0;;;;;;98;;
1019097-9;2022Q3;12-0000132-00;100833355V;TOIVOLANTIE 5;15880 HOLLOLA;;;LAITINEN SIRPA;;TOIVOLANTIE 5;15880 HOLLOLA;FI;;1.7.2022;30.9.2022;Sekajäte;JÄTEASTIAN TYHJENNYS 240 L;1;1;0,24;0;8;;1;53;29.7.2022;1.1.2099;;;;;;0;;;;;;98;;
1019097-9;2022Q3;12-0000134-00;1015800626;PALOMAANTIE 699;16800 HÄMEENKOSKI;;;SALOJOKI RIKU;;PALOMAANTIE 699;16800 HÄMEENKOSKI;FI;;1.7.2022;30.9.2022;Sekajäte;JÄTEASTIAN TYHJENNYS 240 L;1;1;0,24;0;4;;1;53;29.8.2022;1.1.2099;;;;;;0;;;;;;98;;
1019097-9;2022Q3;12-0000357-00;100929314A;PELTOMÄENTIE 8;15880 HOLLOLA;;;JUNTUNEN HEIDI;;PELTOMÄENTIE 8;15880 HOLLOLA;FI;;1.7.2022;30.9.2022;Sekajäte;JÄTEASTIAN TYHJENNYS 240 L;7;1;0,24;0;2;;1;53;17.8.2020;1.1.2099;;;;;;0;;;;;;98;;
1019097-9;2022Q3;12-0000490-00;100221103T;RAHTARINTIE 23;15880 HOLLOLA;;;LOUHELAINEN LEILA;;RAHTARINTIE 23;15580 HOLLOLA;;;1.7.2022;30.9.2022;Sekajäte;JÄTEASTIAN TYHJENNYS 240 L;6;1;0,24;0;2;;1;53;17.8.2020;1.1.2099;;;;;;0;;;;;;98;;
1019097-9;2022Q3;12-0000517-00;100230766H;JÄRVENTAUSTANTIE 235;15880 HOLLOLA;;;PIEKKARI JUKKA;;JÄRVENTAUSTANTIE 235;15880 HOLLOLA;FI;;1.7.2022;30.9.2022;Sekajäte;JÄTEASTIAN TYHJENNYS 240 L;3;1;0,24;0;4;;1;53;22.5.2020;1.1.2099;;;;;;0;;;;;;98;;
1019097-9;2022Q3;12-0000640-00;1023704962;HANKALANTIE 18;16800 HÄMEENKOSKI;;;VESTMAN TIMI;;HANKALANTIE 18;16800 HÄMEENKOSKI;FI;;1.7.2022;30.9.2022;Sekajäte;JÄTEASTIAN TYHJENNYS 240 L;3;1;0,24;0;4;;1;53;17.8.2020;1.1.2099;;;;;;0;;;;;;98;;
1019097-9;2022Q3;12-0000642-00;100833381P;TOIVOLANTIE 160;15880 HOLLOLA;;;KIVI ERJA;;TOIVOLANTIE 160;15880 HOLLOLA;FI;;1.7.2022;30.9.2022;Sekajäte;JÄTEASTIAN TYHJENNYS 240 L;3;1;0,24;0;4;;1;53;17.4.2020;1.1.2099;;;;;;0;;;;;;98;;
1019097-9;2022Q3;12-0000664-00;100299280M;KYLÄKULMANTIE 11;15880 HOLLOLA;;;HURSKAINEN TIMO;;KYLÄKULMANTIE 11;15880 HOLLOLA;FI;;1.7.2022;30.9.2022;Sekajäte;JÄTEASTIAN TYHJENNYS 360 L;4;1;0,36;0;4;;1;53;22.5.2022;1.1.2099;;;;;;0;;;;;;98;;
1019097-9;2022Q3;12-0000793-00;1001746101;URHEILUKENTÄNTIE 29;16500 HERRALA;;;SAARMAN SAARA;;URHEILUKENTÄNTIE 29;16500 HERRALA;FI;;1.7.2022;30.9.2022;Sekajäte;JÄTEASTIAN TYHJENNYS 360 L;3;1;0,36;0;4;;1;53;17.8.2020;1.1.2099;;;;;;0;;;;;;98;;
1019097-9;2022Q3;12-0000903-00;100299270A;KASTARINTIE 135;15880 HOLLOLA;;;TÄHTINEN MARJA-LIISA;;KASTARINTIE 135;15880 HOLLOLA;FI;;1.7.2022;30.9.2022;Sekajäte;JÄTEASTIAN TYHJENNYS 140 L;2;1;0,14;0;4;;1;53;13.8.2020;1.1.2099;;;;;;0;;;;;;98;;
1019097-9;2022Q3;12-0000947-00;100815360C;ISONKIVENTIE 71;16630 TENNILÄ;;;FLEKANDER NIKLAS;;ISONKIVENTIE 71;16630 TENNILÄ;FI;;1.7.2022;30.9.2022;Sekajäte;JÄTEASTIAN TYHJENNYS 240 L;3;1;0,24;0;4;;1;53;17.8.2020;1.1.2099;;;;;;0;;;;;;98;;
1019097-9;2022Q3;12-0000948-00;100815336L;PYSÄKKITIE 299;16630 TENNILÄ;;;LAMPINEN MIKKO;;PYSÄKKITIE 299;16630 TENNILÄ;FI;;1.7.2022;30.9.2022;Sekajäte;JÄTEASTIAN TYHJENNYS 240 L;2;1;0,24;0;8;;1;53;17.8.2020;1.1.2099;;;;;;0;;;;;;98;;
1019097-9;2022Q3;12-0000964-00;100842741M;HIIRULANTIE 28;16710 HOLLOLA KK;;;OUNILA KAROLIINA;;HIIRULANTIE 28;16710 HOLLOLA KK;FI;;1.7.2022;30.9.2022;Sekajäte;JÄTEASTIAN TYHJENNYS 240 L;3;1;0,24;0;4;;1;53;2.9.2020;1.1.2099;;;;;;0;;;;;;98;;
1019097-9;2022Q3;12-0000973-00;103349131X;KAIVOMÄENKUJA 7;15880 HOLLOLA;;;ASAMOA SUVI;;KAIVOMÄENKUJA 7;15880 HOLLOLA;FI;;1.7.2022;30.9.2022;Sekajäte;JÄTEASTIAN TYHJENNYS 240 L;1;1;0,24;0;8;;1;53;28.6.2021;1.1.2099;;;;;;0;;;;;;98;;
1019097-9;2022Q3;12-0001053-00;1024097765;UKKOMETSONTIE 12;16800 HÄMEENKOSKI;;;KAUTTO IDA;;UKKOMETSONTIE 12;16800 HÄMEENKOSKI;FI;;1.7.2022;30.9.2022;Sekajäte;JÄTEASTIAN TYHJENNYS 240 L;6;1;0,24;0;2;;1;53;12.7.2021;1.1.2099;;;;;;0;;;;;;98;;
1019097-9;2022Q3;12-0001057-00;100815364H;ISONKIVENTIE 67;16630 TENNILÄ;;;GILABERT TOMI;;ISONKIVENTIE 67;16630 TENNILÄ;FI;;1.7.2022;30.9.2022;Sekajäte;JÄTEASTIAN TYHJENNYS 240 L;7;1;0,24;0;2;;1;53;17.8.2020;1.1.2099;;;;;;0;;;;;;98;;
1019097-9;2022Q3;13-0000244-00;103374521Y;TAMPEREENTIE 1495 (866);15880 HOLLOLA;;;HEINO ARJA;;RAIJANKORVENTIE 467;16800 HÄMEENKOSKI;FI;;1.7.2022;30.9.2022;Sekajäte;JÄTEASTIAN TYHJENNYS 360 L;3;1;0,36;0;4;;1;53;17.8.2020;1.1.2099;;;;;;0;;;;;;98;;
1019097-9;2022Q3;13-0000437-00;1015799729;MIEHOLANTIE 1017;16670 LAPPILA;;;KOSKINEN KAROLIINA;;MIEHOLANTIE 1017;16670 LAPPILA;;;1.7.2022;30.9.2022;Sekajäte;JÄTEASTIAN TYHJENNYS 140 L;2;1;0,14;0;8;;1;53;17.8.2020;1.1.2099;;;;;;0;;;;;;98;;
1019097-9;2022Q3;13-0001044-00;102828783H;NIKKARINTIE 50;16800 HÄMEENKOSKI;;;KUKKONEN TERO;;NIKKARINTIE 50;16800 HÄMEENKOSKI;FI;;1.7.2022;30.9.2022;Sekajäte;JÄTEASTIAN TYHJENNYS 240 L;1;1;0,24;0;12;;1;53;4.2.2021;1.1.2099;;;;;;0;;;;;;98;;
1019097-9;2022Q3;14-0000143-00;101589499L;PÄTILÄNTIE 87;16800 HÄMEENKOSKI;;;KIVELÄ TOMMI;;PÄTILÄNTIE 87;16800 HÄMEENKOSKI;FI;;1.7.2022;30.9.2022;Sekajäte;JÄTEASTIAN TYHJENNYS 240 L;3;1;0,24;0;4;;1;53;11.8.2020;1.1.2099;;;;;;0;;;;;;98;;
